605;GOODRICH AEROSPACE SERVICES SAS;350407030392495;;2024-01-12 12:39:50
605;GOODRICH AEROSPACE SERVICES SAS;356808581326325;;2024-09-02 14:30:20
605;GOODRICH AEROSPACE SERVICES SAS;350308470405435;;2024-10-23 10:30:03
650;CEMIS SYSTEMES DE SECURITE INCENDIE;355359088901864;;2019-05-27 10:22:42
650;CEMIS SYSTEMES DE SECURITE INCENDIE;355356088274144;;2019-05-27 10:22:11
757;GOODRICH ACTUATION SYSTEMS SAS;357619530571393;;2022-09-28 15:50:41
757;GOODRICH ACTUATION SYSTEMS SAS;357619530583109;;2022-09-28 15:50:41
757;GOODRICH ACTUATION SYSTEMS SAS;357619530588041;;2022-09-28 15:50:41
757;GOODRICH ACTUATION SYSTEMS SAS;357619530624093;;2022-09-28 15:50:41
757;GOODRICH ACTUATION SYSTEMS SAS;357619530648183;;2022-09-28 15:50:41
757;GOODRICH ACTUATION SYSTEMS SAS;357619530686449;;2022-09-28 15:50:41
757;GOODRICH ACTUATION SYSTEMS SAS;357619530723770;;2022-09-28 15:50:41
757;GOODRICH ACTUATION SYSTEMS SAS;357619530791769;;2022-09-28 15:50:41
757;GOODRICH ACTUATION SYSTEMS SAS;357619530868146;;2022-09-28 15:50:41
757;GOODRICH ACTUATION SYSTEMS SAS;357619530878574;;2022-09-28 15:50:41
757;GOODRICH ACTUATION SYSTEMS SAS;357619530552120;;2022-09-28 15:50:41
757;GOODRICH ACTUATION SYSTEMS SAS;357619530555263;;2022-09-28 15:50:41
757;GOODRICH ACTUATION SYSTEMS SAS;357619530573019;;2022-09-28 15:50:41
757;GOODRICH ACTUATION SYSTEMS SAS;357619530733365;;2022-09-28 15:50:41
757;GOODRICH ACTUATION SYSTEMS SAS;357619530841366;;2022-09-28 15:50:41
757;GOODRICH ACTUATION SYSTEMS SAS;357619530919147;;2022-09-28 15:50:41
757;GOODRICH ACTUATION SYSTEMS SAS;357619530943568;;2022-09-28 15:50:41
757;GOODRICH ACTUATION SYSTEMS SAS;356781406155106;;2022-09-28 16:38:02
757;GOODRICH ACTUATION SYSTEMS SAS;356781406333067;;2022-09-28 16:38:02
757;GOODRICH ACTUATION SYSTEMS SAS;356781406448048;;2022-09-28 16:38:02
757;GOODRICH ACTUATION SYSTEMS SAS;357158810096508;;2022-09-28 16:38:02
757;GOODRICH ACTUATION SYSTEMS SAS;357158810385380;;2022-09-28 16:38:02
757;GOODRICH ACTUATION SYSTEMS SAS;357158811030001;;2022-09-28 16:38:02
757;GOODRICH ACTUATION SYSTEMS SAS;357158811896211;;2022-09-28 16:38:02
757;GOODRICH ACTUATION SYSTEMS SAS;357158812118359;;2022-09-28 16:38:02
757;GOODRICH ACTUATION SYSTEMS SAS;357158812603335;;2022-09-28 16:38:02
757;GOODRICH ACTUATION SYSTEMS SAS;357158812875784;;2022-09-28 16:38:02
757;GOODRICH ACTUATION SYSTEMS SAS;356781406305321;;2022-09-28 16:38:02
757;GOODRICH ACTUATION SYSTEMS SAS;356781408968373;;2022-09-28 16:38:02
757;GOODRICH ACTUATION SYSTEMS SAS;357158810053871;;2022-09-28 16:38:02
757;GOODRICH ACTUATION SYSTEMS SAS;357158810371810;;2022-09-28 16:38:02
757;GOODRICH ACTUATION SYSTEMS SAS;357158810731336;;2022-09-28 16:38:02
757;GOODRICH ACTUATION SYSTEMS SAS;357158811664874;;2022-09-28 16:38:02
757;GOODRICH ACTUATION SYSTEMS SAS;357158811713531;;2022-09-28 16:38:02
757;GOODRICH ACTUATION SYSTEMS SAS;357619530700349;;2022-09-28 16:38:02
757;GOODRICH ACTUATION SYSTEMS SAS;357619530731294;;2022-09-28 16:38:02
757;GOODRICH ACTUATION SYSTEMS SAS;357619530845045;;2022-09-28 16:38:02
757;GOODRICH ACTUATION SYSTEMS SAS;356781407760722;;2022-09-28 16:38:02
757;GOODRICH ACTUATION SYSTEMS SAS;356781408295769;;2022-09-28 16:38:02
757;GOODRICH ACTUATION SYSTEMS SAS;356781409232415;;2022-09-28 16:38:02
757;GOODRICH ACTUATION SYSTEMS SAS;356781409719023;;2022-09-28 16:38:02
757;GOODRICH ACTUATION SYSTEMS SAS;357158810713060;;2022-09-28 16:38:02
757;GOODRICH ACTUATION SYSTEMS SAS;357158811016398;;2022-09-28 16:38:02
757;GOODRICH ACTUATION SYSTEMS SAS;357158811181069;;2022-09-28 16:38:02
757;GOODRICH ACTUATION SYSTEMS SAS;357158811253561;;2022-09-28 16:38:02
757;GOODRICH ACTUATION SYSTEMS SAS;357158811429328;;2022-09-28 16:38:02
757;GOODRICH ACTUATION SYSTEMS SAS;357158813597908;;2022-09-28 16:38:02
757;GOODRICH ACTUATION SYSTEMS SAS;356781407915821;;2022-09-28 16:38:02
757;GOODRICH ACTUATION SYSTEMS SAS;356781408282718;;2022-09-28 16:38:02
757;GOODRICH ACTUATION SYSTEMS SAS;356781409543407;;2022-09-28 16:38:02
757;GOODRICH ACTUATION SYSTEMS SAS;357158810001979;;2022-09-28 16:38:02
757;GOODRICH ACTUATION SYSTEMS SAS;357158810273743;;2022-09-28 16:38:02
757;GOODRICH ACTUATION SYSTEMS SAS;357158810300413;;2022-09-28 16:38:02
757;GOODRICH ACTUATION SYSTEMS SAS;357158810449616;;2022-09-28 16:38:02
757;GOODRICH ACTUATION SYSTEMS SAS;357158810845128;;2022-09-28 16:38:02
757;GOODRICH ACTUATION SYSTEMS SAS;357158812760002;;2022-09-28 16:38:02
757;GOODRICH ACTUATION SYSTEMS SAS;357158813115008;;2022-09-28 16:38:02
757;GOODRICH ACTUATION SYSTEMS SAS;357158810164694;;2022-09-28 16:38:02
757;GOODRICH ACTUATION SYSTEMS SAS;357158810254032;;2022-09-28 16:38:02
757;GOODRICH ACTUATION SYSTEMS SAS;357158812832405;;2022-09-28 16:38:02
757;GOODRICH ACTUATION SYSTEMS SAS;357619530562012;;2022-09-28 16:38:02
757;GOODRICH ACTUATION SYSTEMS SAS;357619530632138;;2022-09-28 16:38:02
757;GOODRICH ACTUATION SYSTEMS SAS;357619530677901;;2022-09-28 16:38:02
757;GOODRICH ACTUATION SYSTEMS SAS;357619530906185;;2022-09-28 16:38:02
757;GOODRICH ACTUATION SYSTEMS SAS;357619530923263;;2022-09-28 16:38:02
757;GOODRICH ACTUATION SYSTEMS SAS;357140408286287;;2022-12-14 09:40:38
757;GOODRICH ACTUATION SYSTEMS SAS;357140408887340;;2022-12-14 09:40:38
757;GOODRICH ACTUATION SYSTEMS SAS;357848538441958;;2022-12-14 09:40:38
757;GOODRICH ACTUATION SYSTEMS SAS;357848538641094;;2022-12-14 09:40:38
757;GOODRICH ACTUATION SYSTEMS SAS;357848538854424;;2022-12-14 09:40:38
757;GOODRICH ACTUATION SYSTEMS SAS;358209591155051;;2022-12-14 09:40:38
757;GOODRICH ACTUATION SYSTEMS SAS;358209591340588;;2022-12-14 09:40:38
757;GOODRICH ACTUATION SYSTEMS SAS;358209591843789;;2022-12-14 09:40:38
757;GOODRICH ACTUATION SYSTEMS SAS;358209591922344;;2022-12-14 09:40:38
757;GOODRICH ACTUATION SYSTEMS SAS;358209591977603;;2022-12-14 09:40:38
757;GOODRICH ACTUATION SYSTEMS SAS;357140408097155;;2022-12-14 10:00:22
757;GOODRICH ACTUATION SYSTEMS SAS;358209591016303;;2022-12-14 10:00:22
757;GOODRICH ACTUATION SYSTEMS SAS;358209591167742;;2022-12-14 10:00:22
757;GOODRICH ACTUATION SYSTEMS SAS;358209591195693;;2022-12-14 10:00:22
757;GOODRICH ACTUATION SYSTEMS SAS;358209591210252;;2022-12-14 10:00:22
757;GOODRICH ACTUATION SYSTEMS SAS;358209591235549;;2022-12-14 10:00:22
757;GOODRICH ACTUATION SYSTEMS SAS;358209591251678;;2022-12-14 10:00:22
757;GOODRICH ACTUATION SYSTEMS SAS;358209591513994;;2022-12-14 10:00:22
757;GOODRICH ACTUATION SYSTEMS SAS;358209591628594;;2022-12-14 10:00:22
757;GOODRICH ACTUATION SYSTEMS SAS;358209591668905;;2022-12-14 10:00:22
757;GOODRICH ACTUATION SYSTEMS SAS;358209591797944;;2022-12-14 10:00:22
757;GOODRICH ACTUATION SYSTEMS SAS;357848538934697;;2022-12-14 10:00:22
757;GOODRICH ACTUATION SYSTEMS SAS;357848539202862;;2022-12-14 10:00:22
757;GOODRICH ACTUATION SYSTEMS SAS;357848539448788;;2022-12-14 10:00:22
757;GOODRICH ACTUATION SYSTEMS SAS;357848539701376;;2022-12-14 10:00:22
757;GOODRICH ACTUATION SYSTEMS SAS;358209591018960;;2022-12-14 10:00:22
757;GOODRICH ACTUATION SYSTEMS SAS;358209591169094;;2022-12-14 10:00:22
757;GOODRICH ACTUATION SYSTEMS SAS;358209591179648;;2022-12-14 10:00:22
757;GOODRICH ACTUATION SYSTEMS SAS;358209591543819;;2022-12-14 10:00:22
757;GOODRICH ACTUATION SYSTEMS SAS;358209591661512;;2022-12-14 10:00:22
757;GOODRICH ACTUATION SYSTEMS SAS;358209591904045;;2022-12-14 10:00:22
757;GOODRICH ACTUATION SYSTEMS SAS;358209591945931;;2022-12-14 10:00:22
757;GOODRICH ACTUATION SYSTEMS SAS;357848538218505;;2022-12-14 10:00:22
757;GOODRICH ACTUATION SYSTEMS SAS;357848539189572;;2022-12-14 10:00:22
757;GOODRICH ACTUATION SYSTEMS SAS;357848539722588;;2022-12-14 10:00:22
757;GOODRICH ACTUATION SYSTEMS SAS;355948280926099;;2022-12-14 14:16:02
757;GOODRICH ACTUATION SYSTEMS SAS;358209591478149;;2022-12-14 14:41:26
757;GOODRICH ACTUATION SYSTEMS SAS;357140408202391;;2023-01-25 12:01:05
757;GOODRICH ACTUATION SYSTEMS SAS;357140408794678;;2023-01-25 12:01:05
757;GOODRICH ACTUATION SYSTEMS SAS;357140409256974;;2023-01-25 12:01:05
757;GOODRICH ACTUATION SYSTEMS SAS;357140409482794;;2023-01-25 12:01:05
757;GOODRICH ACTUATION SYSTEMS SAS;357140409623215;;2023-01-25 12:01:05
757;GOODRICH ACTUATION SYSTEMS SAS;357140409954438;;2023-01-25 12:01:05
757;GOODRICH ACTUATION SYSTEMS SAS;357140408024589;;2023-01-25 13:00:41
757;GOODRICH ACTUATION SYSTEMS SAS;357140409541078;;2023-01-25 13:00:41
757;GOODRICH ACTUATION SYSTEMS SAS;353361739624137;;2023-01-25 13:00:41
757;GOODRICH ACTUATION SYSTEMS SAS;353361739812864;;2023-01-25 13:00:41
757;GOODRICH ACTUATION SYSTEMS SAS;357140408396813;;2023-01-25 13:00:41
757;GOODRICH ACTUATION SYSTEMS SAS;357140408440637;;2023-01-25 13:00:41
757;GOODRICH ACTUATION SYSTEMS SAS;357140409490466;;2023-01-25 13:00:41
757;GOODRICH ACTUATION SYSTEMS SAS;358209591040410;;2023-01-25 13:00:41
757;GOODRICH ACTUATION SYSTEMS SAS;358209591129361;;2023-01-25 13:00:41
757;GOODRICH ACTUATION SYSTEMS SAS;358209591182121;;2023-01-25 13:00:41
757;GOODRICH ACTUATION SYSTEMS SAS;358209591183251;;2023-01-25 13:00:41
757;GOODRICH ACTUATION SYSTEMS SAS;358209591597435;;2023-01-25 13:00:41
757;GOODRICH ACTUATION SYSTEMS SAS;358209591906776;;2023-01-25 13:00:41
757;GOODRICH ACTUATION SYSTEMS SAS;358209591918045;;2023-01-25 13:00:41
757;GOODRICH ACTUATION SYSTEMS SAS;357140409649079;;2023-01-25 14:24:36
757;GOODRICH ACTUATION SYSTEMS SAS;358209591243352;;2023-02-06 16:06:26
757;GOODRICH ACTUATION SYSTEMS SAS;358209591375253;;2023-02-06 16:06:26
757;GOODRICH ACTUATION SYSTEMS SAS;358209591174243;;2023-02-13 15:20:46
757;GOODRICH ACTUATION SYSTEMS SAS;358209591830802;;2023-02-17 13:51:08
757;GOODRICH ACTUATION SYSTEMS SAS;358209591418855;;2023-02-17 13:54:22
757;GOODRICH ACTUATION SYSTEMS SAS;358209591529065;;2023-02-27 11:24:04
757;GOODRICH ACTUATION SYSTEMS SAS;358209598299712;;2023-03-30 15:26:15
757;GOODRICH ACTUATION SYSTEMS SAS;358209598727282;;2023-03-30 15:26:15
757;GOODRICH ACTUATION SYSTEMS SAS;359137270148429;;2023-03-30 15:26:15
757;GOODRICH ACTUATION SYSTEMS SAS;359137270178558;;2023-03-30 15:26:15
757;GOODRICH ACTUATION SYSTEMS SAS;359137270263673;;2023-03-30 15:26:15
757;GOODRICH ACTUATION SYSTEMS SAS;357848533851730;;2023-03-30 15:27:48
757;GOODRICH ACTUATION SYSTEMS SAS;359137270450932;;2023-03-30 15:27:48
757;GOODRICH ACTUATION SYSTEMS SAS;358209599991671;;2023-04-07 14:43:21
757;GOODRICH ACTUATION SYSTEMS SAS;359137270564104;;2023-04-20 12:17:52
757;GOODRICH ACTUATION SYSTEMS SAS;358209598165582;;2023-04-21 14:02:19
757;GOODRICH ACTUATION SYSTEMS SAS;359137270760769;;2023-04-25 09:50:12
757;GOODRICH ACTUATION SYSTEMS SAS;358209599623449;;2023-04-27 17:27:20
757;GOODRICH ACTUATION SYSTEMS SAS;359137270241844;;2023-05-24 13:43:15
757;GOODRICH ACTUATION SYSTEMS SAS;359137270212357;;2023-05-30 14:54:28
757;GOODRICH ACTUATION SYSTEMS SAS;359137270629394;;2023-06-02 13:41:18
757;GOODRICH ACTUATION SYSTEMS SAS;359137270070086;;2023-06-15 13:59:43
757;GOODRICH ACTUATION SYSTEMS SAS;359137270825398;;2023-06-15 13:59:43
757;GOODRICH ACTUATION SYSTEMS SAS;358209599890931;;2023-06-20 13:41:31
757;GOODRICH ACTUATION SYSTEMS SAS;359137270250852;;2023-06-22 14:32:35
757;GOODRICH ACTUATION SYSTEMS SAS;359137270397471;;2023-06-28 15:41:35
757;GOODRICH ACTUATION SYSTEMS SAS;355772534233346;;2023-07-07 15:06:30
757;GOODRICH ACTUATION SYSTEMS SAS;355772534371443;;2023-07-07 15:06:30
757;GOODRICH ACTUATION SYSTEMS SAS;355772534221176;;2023-07-07 15:06:30
757;GOODRICH ACTUATION SYSTEMS SAS;359137270388355;;2023-07-18 14:50:13
757;GOODRICH ACTUATION SYSTEMS SAS;359137270206045;;2023-07-19 12:28:32
757;GOODRICH ACTUATION SYSTEMS SAS;358209599472706;;2023-08-10 15:46:02
757;GOODRICH ACTUATION SYSTEMS SAS;356962140067753;;2023-08-18 15:15:33
757;GOODRICH ACTUATION SYSTEMS SAS;353032112886045;;2023-08-22 13:41:07
757;GOODRICH ACTUATION SYSTEMS SAS;356962140092322;;2023-08-23 16:36:36
757;GOODRICH ACTUATION SYSTEMS SAS;356962140485237;;2023-08-24 16:47:22
757;GOODRICH ACTUATION SYSTEMS SAS;358209598953821;;2023-09-14 15:19:22
757;GOODRICH ACTUATION SYSTEMS SAS;358209598984537;;2023-09-14 15:19:22
757;GOODRICH ACTUATION SYSTEMS SAS;358209599225195;;2023-09-14 15:19:22
757;GOODRICH ACTUATION SYSTEMS SAS;358209599281602;;2023-09-14 15:19:22
757;GOODRICH ACTUATION SYSTEMS SAS;359137270001495;;2023-09-18 15:14:50
757;GOODRICH ACTUATION SYSTEMS SAS;359137270740860;;2023-09-18 15:19:49
757;GOODRICH ACTUATION SYSTEMS SAS;358209598773567;;2023-09-21 12:07:45
757;GOODRICH ACTUATION SYSTEMS SAS;359137270848655;;2023-09-25 14:26:01
757;GOODRICH ACTUATION SYSTEMS SAS;359137270271791;;2023-10-11 15:56:49
757;GOODRICH ACTUATION SYSTEMS SAS;356228324681797;;2023-10-19 15:04:58
757;GOODRICH ACTUATION SYSTEMS SAS;356228324100129;;2023-10-25 15:46:49
757;GOODRICH ACTUATION SYSTEMS SAS;356228324597316;;2023-10-25 15:46:16
757;GOODRICH ACTUATION SYSTEMS SAS;356228324354874;;2023-10-25 15:45:31
757;GOODRICH ACTUATION SYSTEMS SAS;352888211577996;;2023-11-17 09:38:28
757;GOODRICH ACTUATION SYSTEMS SAS;352888211136421;;2023-11-24 16:01:16
757;GOODRICH ACTUATION SYSTEMS SAS;356228324984910;;2023-11-24 16:01:55
757;GOODRICH ACTUATION SYSTEMS SAS;354154401358194;;2023-12-15 15:25:46
757;GOODRICH ACTUATION SYSTEMS SAS;352888215641418;;2023-12-20 10:19:10
757;GOODRICH ACTUATION SYSTEMS SAS;350407030457082;;2024-01-04 13:52:33
757;GOODRICH ACTUATION SYSTEMS SAS;350407030490448;;2024-01-04 13:52:33
757;GOODRICH ACTUATION SYSTEMS SAS;350407030170529;;2024-01-12 15:37:34
757;GOODRICH ACTUATION SYSTEMS SAS;350407030510468;;2024-01-12 15:44:51
757;GOODRICH ACTUATION SYSTEMS SAS;350407030967270;;2024-01-12 15:47:25
757;GOODRICH ACTUATION SYSTEMS SAS;351520706273481;;2024-01-16 13:42:56
757;GOODRICH ACTUATION SYSTEMS SAS;356452871442656;;2024-01-25 14:28:03
757;GOODRICH ACTUATION SYSTEMS SAS;356452872043933;;2024-01-30 16:18:05
757;GOODRICH ACTUATION SYSTEMS SAS;356493663406475;;2024-02-27 12:00:18
757;GOODRICH ACTUATION SYSTEMS SAS;356452871502269;;2024-03-01 13:53:47
757;GOODRICH ACTUATION SYSTEMS SAS;356323451500280;;2024-03-12 14:42:02
757;GOODRICH ACTUATION SYSTEMS SAS;356323451339846;;2024-03-15 15:33:21
757;GOODRICH ACTUATION SYSTEMS SAS;356323451974220;;2024-03-20 09:32:42
757;GOODRICH ACTUATION SYSTEMS SAS;351075961681555;;2024-03-21 09:20:20
757;GOODRICH ACTUATION SYSTEMS SAS;351075961676258;;2024-03-21 09:20:20
757;GOODRICH ACTUATION SYSTEMS SAS;356323456630199;;2024-05-03 14:27:53
757;GOODRICH ACTUATION SYSTEMS SAS;356709146790999;;2024-05-06 14:38:19
757;GOODRICH ACTUATION SYSTEMS SAS;356709146416546;;2024-05-06 14:46:35
757;GOODRICH ACTUATION SYSTEMS SAS;356709146701160;;2024-05-06 14:50:18
757;GOODRICH ACTUATION SYSTEMS SAS;356323459081564;;2024-05-10 13:48:37
757;GOODRICH ACTUATION SYSTEMS SAS;352959527477641;;2024-06-12 12:36:45
757;GOODRICH ACTUATION SYSTEMS SAS;352959527324983;;2024-06-12 12:41:00
757;GOODRICH ACTUATION SYSTEMS SAS;350841430262298;;2024-07-12 15:40:08
757;GOODRICH ACTUATION SYSTEMS SAS;350841433797167;;2024-07-15 16:40:06
757;GOODRICH ACTUATION SYSTEMS SAS;350841430319379;;2024-07-24 16:20:06
757;GOODRICH ACTUATION SYSTEMS SAS;350308478246260;;2024-10-28 16:51:12
757;GOODRICH ACTUATION SYSTEMS SAS;356452871731595;;2024-10-28 17:05:05
757;GOODRICH ACTUATION SYSTEMS SAS;350308475272020;;2024-10-30 14:10:03
757;GOODRICH ACTUATION SYSTEMS SAS;350308473076175;;2024-11-28 12:30:05
757;GOODRICH ACTUATION SYSTEMS SAS;351212585898873;;2025-01-16 14:30:28
757;GOODRICH ACTUATION SYSTEMS SAS;351260969325211;;2025-02-11 14:30:13
757;GOODRICH ACTUATION SYSTEMS SAS;351260969085062;;2025-02-13 09:42:10
757;GOODRICH ACTUATION SYSTEMS SAS;354222854050954;;2025-05-16 14:45:08
757;GOODRICH ACTUATION SYSTEMS SAS;353380741738974;;2025-05-16 14:50:04
757;GOODRICH ACTUATION SYSTEMS SAS;354665965343363;;2025-07-08 14:50:12
757;GOODRICH ACTUATION SYSTEMS SAS;351321808202811;;2025-07-15 11:05:25
757;GOODRICH ACTUATION SYSTEMS SAS;358434166530146;;2025-07-15 15:50:10
757;GOODRICH ACTUATION SYSTEMS SAS;351321808095017;;2025-07-15 15:50:12
757;GOODRICH ACTUATION SYSTEMS SAS;358434166540699;;2025-07-16 15:50:09
839;HS AEROSPACE;350971743350629;;2022-07-07 10:21:30
907;ROCKWELL COLLINS;351264785926400;;2023-12-21 11:18:35
907;ROCKWELL COLLINS;356905185960317;;2023-12-21 15:33:34
907;ROCKWELL COLLINS;356905186692828;;2023-12-21 15:33:34
907;ROCKWELL COLLINS;356905187002308;;2023-12-21 15:33:34
907;ROCKWELL COLLINS;356905188126981;;2023-12-21 15:33:34
907;ROCKWELL COLLINS;356905189963440;;2023-12-21 15:33:34
907;ROCKWELL COLLINS;356852885370464;;2023-12-21 15:33:34
907;ROCKWELL COLLINS;356905185772159;;2023-12-21 15:33:34
907;ROCKWELL COLLINS;356905186272399;;2023-12-21 15:33:34
907;ROCKWELL COLLINS;356905186291175;;2023-12-21 15:33:34
907;ROCKWELL COLLINS;356905186394110;;2023-12-21 15:33:34
907;ROCKWELL COLLINS;356905187085915;;2023-12-21 15:33:34
907;ROCKWELL COLLINS;356852881046316;;2023-12-21 15:33:34
907;ROCKWELL COLLINS;356852881989416;;2023-12-21 15:33:34
907;ROCKWELL COLLINS;356852884536966;;2023-12-21 15:33:34
907;ROCKWELL COLLINS;356852885149595;;2023-12-21 15:33:34
907;ROCKWELL COLLINS;356852885150221;;2023-12-21 15:33:34
907;ROCKWELL COLLINS;356852885404073;;2023-12-21 15:33:34
907;ROCKWELL COLLINS;356852885551808;;2023-12-21 15:33:34
907;ROCKWELL COLLINS;356852885851018;;2023-12-21 15:33:34
907;ROCKWELL COLLINS;356852885885396;;2023-12-21 15:33:34
907;ROCKWELL COLLINS;359462815512537;;2024-04-17 15:26:41
907;ROCKWELL COLLINS;356709146721341;;2024-04-30 16:41:58
907;ROCKWELL COLLINS;356709146140369;;2024-04-30 16:44:20
907;ROCKWELL COLLINS;356709146174012;;2024-04-30 16:41:49
907;ROCKWELL COLLINS;356323459308421;;2024-05-10 14:56:41
907;ROCKWELL COLLINS;354158616805642;;2024-06-10 09:35:47
907;ROCKWELL COLLINS;354158616488670;;2024-06-10 09:35:47
907;ROCKWELL COLLINS;352959527443940;;2024-06-12 16:01:36
907;ROCKWELL COLLINS;352959527087382;;2024-06-13 09:43:03
907;ROCKWELL COLLINS;352959527847348;;2024-06-13 10:05:53
907;ROCKWELL COLLINS;352959527050109;;2024-06-14 15:32:38
907;ROCKWELL COLLINS;350340393001827;;2024-06-26 14:12:00
907;ROCKWELL COLLINS;359594200407632;;2024-07-02 14:10:38
907;ROCKWELL COLLINS;359594203389365;;2024-07-02 14:10:38
907;ROCKWELL COLLINS;359594203962526;;2024-07-02 14:10:38
907;ROCKWELL COLLINS;359594200456480;;2024-07-02 14:10:38
907;ROCKWELL COLLINS;359594200450145;;2024-07-02 14:10:38
907;ROCKWELL COLLINS;359594203512024;;2024-07-02 14:10:38
907;ROCKWELL COLLINS;359594203812242;;2024-07-02 14:10:38
907;ROCKWELL COLLINS;359594203343297;;2024-07-02 14:10:38
907;ROCKWELL COLLINS;359594203331029;;2024-07-02 14:10:38
907;ROCKWELL COLLINS;353092227462058;;2024-07-02 14:10:38
907;ROCKWELL COLLINS;359594203407035;;2024-07-02 14:10:38
907;ROCKWELL COLLINS;353092227619574;;2024-07-02 14:10:38
907;ROCKWELL COLLINS;359594203078604;;2024-07-02 14:10:38
907;ROCKWELL COLLINS;353092229516240;;2024-07-02 14:10:38
907;ROCKWELL COLLINS;359594203570238;;2024-07-02 14:10:38
907;ROCKWELL COLLINS;353092229134911;;2024-07-02 14:10:38
907;ROCKWELL COLLINS;359594200850245;;2024-07-02 14:10:38
907;ROCKWELL COLLINS;359594203913321;;2024-07-02 14:10:38
907;ROCKWELL COLLINS;359594200514247;;2024-07-02 14:10:38
907;ROCKWELL COLLINS;353092228992848;;2024-07-02 14:10:38
907;ROCKWELL COLLINS;352273360864620;;2024-07-02 14:59:02
907;ROCKWELL COLLINS;350340395129154;;2024-07-03 11:56:32
907;ROCKWELL COLLINS;350340395369438;;2024-07-04 15:13:44
907;ROCKWELL COLLINS;350841435258572;;2024-08-28 14:55:11
907;ROCKWELL COLLINS;357737712128285;;2024-09-24 17:35:07
907;ROCKWELL COLLINS;350689755489727;;2024-09-27 09:40:08
907;ROCKWELL COLLINS;350689755319908;;2024-09-27 09:40:09
907;ROCKWELL COLLINS;350689755509300;;2024-09-27 09:40:11
907;ROCKWELL COLLINS;354090442818707;;2024-09-30 15:55:10
907;ROCKWELL COLLINS;354090442170570;;2024-09-30 15:55:11
907;ROCKWELL COLLINS;358271956758028;;2024-10-08 17:30:08
907;ROCKWELL COLLINS;355525232769643;;2024-11-25 11:45:04
907;ROCKWELL COLLINS;350308473163098;;2024-11-29 16:45:05
907;ROCKWELL COLLINS;354084593853977;;2024-12-13 15:40:09
907;ROCKWELL COLLINS;354084593924786;;2024-12-23 14:50:10
907;ROCKWELL COLLINS;359461435910006;;2025-01-21 15:25:28
907;ROCKWELL COLLINS;354084595706280;;2025-01-22 14:55:04
907;ROCKWELL COLLINS;359461435554135;;2025-01-24 16:10:09
907;ROCKWELL COLLINS;351212585535517;;2025-01-24 16:40:18
907;ROCKWELL COLLINS;354489176782842;;2025-01-27 15:45:16
907;ROCKWELL COLLINS;350872369934268;;2025-02-26 14:50:04
907;ROCKWELL COLLINS;350872369070840;;2025-02-28 10:40:17
907;ROCKWELL COLLINS;359255389909794;;2025-03-03 15:50:10
907;ROCKWELL COLLINS;351069589951987;;2025-03-07 15:40:11
907;ROCKWELL COLLINS;355820719394639;;2025-03-10 15:50:11
907;ROCKWELL COLLINS;355820719201198;;2025-03-10 16:10:09
907;ROCKWELL COLLINS;355820719521967;;2025-03-12 13:42:05
907;ROCKWELL COLLINS;358107269476934;;2025-03-13 16:00:05
907;ROCKWELL COLLINS;351095814978081;;2025-03-18 15:10:50
907;ROCKWELL COLLINS;353380741622020;;2025-03-18 15:12:04
907;ROCKWELL COLLINS;353380744582288;;2025-03-18 15:12:06
907;ROCKWELL COLLINS;353380744957548;;2025-03-18 15:12:07
907;ROCKWELL COLLINS;353380744978957;;2025-03-18 15:12:09
907;ROCKWELL COLLINS;354222854182948;;2025-03-18 15:12:11
907;ROCKWELL COLLINS;354222854484336;;2025-03-18 15:12:12
907;ROCKWELL COLLINS;350872368946636;;2025-03-18 15:12:14
907;ROCKWELL COLLINS;350872369663255;;2025-03-18 15:12:15
907;ROCKWELL COLLINS;350872369730740;;2025-03-18 15:12:17
907;ROCKWELL COLLINS;353380744850909;;2025-03-18 15:12:19
907;ROCKWELL COLLINS;354222854022060;;2025-03-18 15:12:20
907;ROCKWELL COLLINS;354222854443829;;2025-03-18 15:12:22
907;ROCKWELL COLLINS;355820719592695;;2025-03-18 15:15:19
907;ROCKWELL COLLINS;350872368822068;;2025-03-18 15:25:26
907;ROCKWELL COLLINS;350872369248263;;2025-03-18 15:25:28
907;ROCKWELL COLLINS;350872369771546;;2025-03-18 15:25:29
907;ROCKWELL COLLINS;350872369986136;;2025-03-18 15:30:27
907;ROCKWELL COLLINS;351260969736250;;2025-03-18 15:30:29
907;ROCKWELL COLLINS;351260968954490;;2025-03-18 15:30:30
907;ROCKWELL COLLINS;351260969160311;;2025-03-18 15:30:32
907;ROCKWELL COLLINS;351260969691810;;2025-03-18 15:30:33
907;ROCKWELL COLLINS;351280598987090;;2025-03-18 15:30:35
907;ROCKWELL COLLINS;355820718654587;;2025-03-18 15:30:36
907;ROCKWELL COLLINS;355820719364525;;2025-03-18 15:30:38
907;ROCKWELL COLLINS;355820719394720;;2025-03-18 15:30:39
907;ROCKWELL COLLINS;355820719741482;;2025-03-18 15:30:41
907;ROCKWELL COLLINS;355820719890081;;2025-03-18 15:30:42
907;ROCKWELL COLLINS;352182498430545;;2025-03-21 16:25:09
907;ROCKWELL COLLINS;350872369148984;;2025-03-21 17:20:05
907;ROCKWELL COLLINS;350944998825322;;2025-03-21 17:20:07
907;ROCKWELL COLLINS;350944999128890;;2025-03-21 17:20:08
907;ROCKWELL COLLINS;350944999507127;;2025-03-21 17:20:10
907;ROCKWELL COLLINS;350944999538486;;2025-03-21 17:20:12
907;ROCKWELL COLLINS;350944999683076;;2025-03-21 17:20:13
907;ROCKWELL COLLINS;352182498096858;;2025-03-21 17:20:15
907;ROCKWELL COLLINS;352182498362011;;2025-03-21 17:20:16
907;ROCKWELL COLLINS;352182498435502;;2025-03-21 17:20:17
907;ROCKWELL COLLINS;353380744622647;;2025-03-25 12:20:07
907;ROCKWELL COLLINS;354222854004670;;2025-03-25 12:20:09
907;ROCKWELL COLLINS;353380744995704;;2025-03-25 12:20:12
907;ROCKWELL COLLINS;353380744518563;;2025-03-25 12:20:13
907;ROCKWELL COLLINS;354222854088616;;2025-03-25 17:30:11
907;ROCKWELL COLLINS;354222854400019;;2025-03-25 17:30:13
907;ROCKWELL COLLINS;354222854242676;;2025-03-25 17:30:14
907;ROCKWELL COLLINS;354222854306414;;2025-03-25 17:30:16
907;ROCKWELL COLLINS;354222854056688;;2025-03-25 17:30:17
907;ROCKWELL COLLINS;351095813826398;;2025-03-25 17:30:19
907;ROCKWELL COLLINS;351095814993312;;2025-03-25 17:40:07
907;ROCKWELL COLLINS;354222854132646;;2025-03-27 16:10:28
907;ROCKWELL COLLINS;354222854360627;;2025-03-27 16:10:29
907;ROCKWELL COLLINS;353380744614420;;2025-03-27 16:10:31
907;ROCKWELL COLLINS;353120488700633;;2025-04-11 15:30:20
907;ROCKWELL COLLINS;353120485381593;;2025-04-11 15:30:23
907;ROCKWELL COLLINS;353120485863947;;2025-04-11 15:30:24
907;ROCKWELL COLLINS;353120488135681;;2025-04-11 15:35:10
907;ROCKWELL COLLINS;353120485830664;;2025-04-11 15:35:12
907;ROCKWELL COLLINS;354222854373596;;2025-04-11 15:35:13
907;ROCKWELL COLLINS;353380744859298;;2025-04-14 11:55:13
907;ROCKWELL COLLINS;354222854089366;;2025-04-14 11:55:14
907;ROCKWELL COLLINS;354222854224013;;2025-04-14 11:55:16
907;ROCKWELL COLLINS;353380744927905;;2025-04-14 11:55:18
907;ROCKWELL COLLINS;354222854083427;;2025-04-14 11:55:19
907;ROCKWELL COLLINS;353120485807522;;2025-04-14 11:55:21
907;ROCKWELL COLLINS;353120484949432;;2025-04-14 17:05:08
907;ROCKWELL COLLINS;353418632322498;;2025-04-24 16:05:12
907;ROCKWELL COLLINS;354222854387513;;2025-04-25 16:10:07
907;ROCKWELL COLLINS;350646596887006;;2025-04-28 16:15:12
907;ROCKWELL COLLINS;353380746790525;;2025-05-12 09:25:09
907;ROCKWELL COLLINS;352182498068576;;2025-05-15 09:35:03
907;ROCKWELL COLLINS;353418636621960;;2025-05-26 09:20:05
907;ROCKWELL COLLINS;353418632175573;;2025-05-26 09:20:06
907;ROCKWELL COLLINS;353380746751691;;2025-06-12 16:20:11
907;ROCKWELL COLLINS;358434168332178;;2025-06-12 16:20:13
907;ROCKWELL COLLINS;351240617726598;;2025-06-17 13:50:31
907;ROCKWELL COLLINS;350646595301215;;2025-06-17 17:25:09
907;ROCKWELL COLLINS;354665969287053;;2025-07-04 14:30:25
933;GOODRICH AEROSPACE EUROPE;355330089838421;;2018-07-11 16:08:45
933;GOODRICH AEROSPACE EUROPE;355330089831095;;2018-07-11 16:08:45
933;GOODRICH AEROSPACE EUROPE;355330089832846;;2018-07-11 16:08:45
933;GOODRICH AEROSPACE EUROPE;355330089831384;;2018-07-11 16:08:45
933;GOODRICH AEROSPACE EUROPE;355331089942353;;2018-07-11 16:08:45
933;GOODRICH AEROSPACE EUROPE;355331089985220;;2018-07-11 16:08:45
933;GOODRICH AEROSPACE EUROPE;355326089886642;;2018-07-11 16:08:45
933;GOODRICH AEROSPACE EUROPE;355331089950000;;2018-07-11 16:08:45
933;GOODRICH AEROSPACE EUROPE;355330089831558;;2018-07-11 16:08:45
933;GOODRICH AEROSPACE EUROPE;355331089967749;;2018-07-11 16:08:45
933;GOODRICH AEROSPACE EUROPE;355330089832754;;2018-07-11 16:08:45
933;GOODRICH AEROSPACE EUROPE;355326089906507;;2018-07-11 16:08:45
933;GOODRICH AEROSPACE EUROPE;356559082447736;;2018-07-11 16:08:45
933;GOODRICH AEROSPACE EUROPE;356559082373247;;2018-07-11 16:08:45
933;GOODRICH AEROSPACE EUROPE;355326089918924;;2018-07-11 16:08:45
933;GOODRICH AEROSPACE EUROPE;355331089879068;;2018-07-11 16:08:45
933;GOODRICH AEROSPACE EUROPE;356559082332961;;2018-07-11 16:08:45
933;GOODRICH AEROSPACE EUROPE;355331089983035;;2018-07-11 16:08:45
933;GOODRICH AEROSPACE EUROPE;355331089944144;;2018-07-11 16:08:45
933;GOODRICH AEROSPACE EUROPE;355326089925085;;2018-07-11 16:08:45
933;GOODRICH AEROSPACE EUROPE;355330089831590;;2018-07-11 16:08:45
933;GOODRICH AEROSPACE EUROPE;355330089831491;;2018-07-11 16:08:45
933;GOODRICH AEROSPACE EUROPE;355331080442064;;2018-07-11 16:08:45
933;GOODRICH AEROSPACE EUROPE;355320089992948;;2018-07-11 16:08:45
933;GOODRICH AEROSPACE EUROPE;355331089936694;;2018-07-11 16:08:45
933;GOODRICH AEROSPACE EUROPE;355401073239148;;2018-07-11 16:08:45
933;GOODRICH AEROSPACE EUROPE;355326089893200;;2018-07-11 16:08:45
933;GOODRICH AEROSPACE EUROPE;355331089899603;;2018-07-11 16:08:45
933;GOODRICH AEROSPACE EUROPE;356559082451217;;2018-07-11 16:08:45
933;GOODRICH AEROSPACE EUROPE;355393073632895;;2018-07-11 16:08:45
933;GOODRICH AEROSPACE EUROPE;355331089935514;;2018-07-11 16:08:45
933;GOODRICH AEROSPACE EUROPE;355331089970552;;2018-07-11 16:08:45
933;GOODRICH AEROSPACE EUROPE;355331089982771;;2018-07-11 16:08:45
933;GOODRICH AEROSPACE EUROPE;353321073720289;;2018-07-11 16:08:45
933;GOODRICH AEROSPACE EUROPE;355401073239155;;2018-07-11 16:08:45
933;GOODRICH AEROSPACE EUROPE;353322077756808;;2018-07-11 16:08:45
933;GOODRICH AEROSPACE EUROPE;355331089943278;;2018-07-11 16:08:45
933;GOODRICH AEROSPACE EUROPE;355330089838330;;2018-07-11 16:08:45
933;GOODRICH AEROSPACE EUROPE;355331089867014;;2018-07-11 16:08:45
933;GOODRICH AEROSPACE EUROPE;355326089925457;;2018-07-11 16:08:45
933;GOODRICH AEROSPACE EUROPE;353320074866323;;2018-07-11 16:08:45
933;GOODRICH AEROSPACE EUROPE;355331089970131;;2018-07-11 16:08:45
933;GOODRICH AEROSPACE EUROPE;355326089912166;;2018-07-11 16:08:45
933;GOODRICH AEROSPACE EUROPE;353322075127911;;2018-07-11 16:08:45
933;GOODRICH AEROSPACE EUROPE;355331089907281;;2018-07-11 16:08:45
933;GOODRICH AEROSPACE EUROPE;356559082457610;;2018-07-11 16:08:45
933;GOODRICH AEROSPACE EUROPE;355331089898894;;2018-07-11 16:08:45
933;GOODRICH AEROSPACE EUROPE;355326089829048;;2018-07-11 16:08:45
933;GOODRICH AEROSPACE EUROPE;355326089939482;;2018-07-11 16:08:45
933;GOODRICH AEROSPACE EUROPE;356559082330239;;2018-07-11 16:08:45
933;GOODRICH AEROSPACE EUROPE;355331089948756;;2018-07-11 16:08:45
933;GOODRICH AEROSPACE EUROPE;356559082340568;;2018-07-11 16:08:45
933;GOODRICH AEROSPACE EUROPE;356559082377743;;2018-07-11 16:08:45
933;GOODRICH AEROSPACE EUROPE;356559082451126;;2018-07-11 16:08:45
933;GOODRICH AEROSPACE EUROPE;355331089939284;;2018-07-11 16:08:45
933;GOODRICH AEROSPACE EUROPE;355330080651237;;2018-07-11 16:08:45
933;GOODRICH AEROSPACE EUROPE;355399074844447;;2018-07-11 16:08:45
933;GOODRICH AEROSPACE EUROPE;356561082661126;;2018-07-11 16:08:45
933;GOODRICH AEROSPACE EUROPE;355326083260539;;2018-07-11 16:08:45
933;GOODRICH AEROSPACE EUROPE;355326083291021;;2018-07-11 16:08:45
933;GOODRICH AEROSPACE EUROPE;355319081826765;;2018-07-11 16:08:45
933;GOODRICH AEROSPACE EUROPE;355318086123764;;2018-07-11 16:08:45
933;GOODRICH AEROSPACE EUROPE;355328086389125;;2018-07-11 16:08:45
933;GOODRICH AEROSPACE EUROPE;355326089899173;;2018-07-11 16:08:45
933;GOODRICH AEROSPACE EUROPE;355326089925127;;2018-07-11 16:08:45
933;GOODRICH AEROSPACE EUROPE;356558082543627;;2018-07-11 16:08:45
933;GOODRICH AEROSPACE EUROPE;352987098293337;;2018-07-11 16:08:45
933;GOODRICH AEROSPACE EUROPE;350920435736181;;2023-07-27 09:20:10
933;GOODRICH AEROSPACE EUROPE;351084390096708;;2023-07-27 09:20:10
933;GOODRICH AEROSPACE EUROPE;351084390563970;;2023-07-27 09:20:10
933;GOODRICH AEROSPACE EUROPE;351084390941093;;2023-07-27 09:20:10
933;GOODRICH AEROSPACE EUROPE;352094677912294;;2023-07-27 09:20:10
933;GOODRICH AEROSPACE EUROPE;352094677916113;;2023-07-27 09:20:10
933;GOODRICH AEROSPACE EUROPE;352094677936483;;2023-07-27 09:20:10
933;GOODRICH AEROSPACE EUROPE;352094678403749;;2023-07-27 09:20:10
933;GOODRICH AEROSPACE EUROPE;352094678424901;;2023-07-27 09:20:10
933;GOODRICH AEROSPACE EUROPE;352094678983690;;2023-07-27 09:20:10
933;GOODRICH AEROSPACE EUROPE;352094679576287;;2023-07-27 09:20:10
933;GOODRICH AEROSPACE EUROPE;352094679577848;;2023-07-27 09:20:10
933;GOODRICH AEROSPACE EUROPE;359773715116637;;2023-07-27 09:20:10
933;GOODRICH AEROSPACE EUROPE;351084390076585;;2023-07-27 09:20:10
933;GOODRICH AEROSPACE EUROPE;351084390424991;;2023-07-27 09:20:10
933;GOODRICH AEROSPACE EUROPE;352094677018803;;2023-07-27 09:20:10
933;GOODRICH AEROSPACE EUROPE;352094677223023;;2023-07-27 09:20:10
933;GOODRICH AEROSPACE EUROPE;352094677259944;;2023-07-27 09:20:10
933;GOODRICH AEROSPACE EUROPE;352094677482504;;2023-07-27 09:20:10
933;GOODRICH AEROSPACE EUROPE;352094678117794;;2023-07-27 09:20:10
933;GOODRICH AEROSPACE EUROPE;352094678325264;;2023-07-27 09:20:10
933;GOODRICH AEROSPACE EUROPE;352094678586550;;2023-07-27 09:20:10
933;GOODRICH AEROSPACE EUROPE;352094678967883;;2023-07-27 09:20:10
933;GOODRICH AEROSPACE EUROPE;352094679288461;;2023-07-27 09:20:10
933;GOODRICH AEROSPACE EUROPE;352094679879822;;2023-07-27 09:20:10
933;GOODRICH AEROSPACE EUROPE;359773719959149;;2023-07-27 09:20:10
933;GOODRICH AEROSPACE EUROPE;352094676688515;;2023-07-27 09:20:10
933;GOODRICH AEROSPACE EUROPE;352094676880708;;2023-07-27 09:20:10
933;GOODRICH AEROSPACE EUROPE;352094677186477;;2023-07-27 09:20:10
933;GOODRICH AEROSPACE EUROPE;352094677343565;;2023-07-27 09:20:10
933;GOODRICH AEROSPACE EUROPE;352094677350966;;2023-07-27 09:20:10
933;GOODRICH AEROSPACE EUROPE;352094677391119;;2023-07-27 09:20:10
933;GOODRICH AEROSPACE EUROPE;352094678602944;;2023-07-27 09:20:10
933;GOODRICH AEROSPACE EUROPE;352094678884609;;2023-07-27 09:20:10
933;GOODRICH AEROSPACE EUROPE;352094679079498;;2023-07-27 09:20:10
933;GOODRICH AEROSPACE EUROPE;352094679129400;;2023-07-27 09:20:10
933;GOODRICH AEROSPACE EUROPE;352094679352531;;2023-07-27 09:20:10
933;GOODRICH AEROSPACE EUROPE;352094679569522;;2023-07-27 09:20:10
933;GOODRICH AEROSPACE EUROPE;352094679998218;;2023-07-27 09:20:10
933;GOODRICH AEROSPACE EUROPE;352094677417807;;2023-07-27 09:20:10
933;GOODRICH AEROSPACE EUROPE;352094677881879;;2023-07-27 09:20:10
933;GOODRICH AEROSPACE EUROPE;352094677943356;;2023-07-27 09:20:10
933;GOODRICH AEROSPACE EUROPE;352094678331346;;2023-07-27 09:20:10
933;GOODRICH AEROSPACE EUROPE;352094679424041;;2023-07-27 09:20:10
933;GOODRICH AEROSPACE EUROPE;359462811149250;;2024-04-22 12:21:00
933;GOODRICH AEROSPACE EUROPE;359462811590453;;2024-04-22 12:21:00
933;GOODRICH AEROSPACE EUROPE;359462811723443;;2024-04-22 12:21:00
933;GOODRICH AEROSPACE EUROPE;359462811769669;;2024-04-22 12:21:00
933;GOODRICH AEROSPACE EUROPE;359462811887990;;2024-04-22 12:21:00
933;GOODRICH AEROSPACE EUROPE;359462811988061;;2024-04-22 12:21:00
933;GOODRICH AEROSPACE EUROPE;359462811280097;;2024-04-22 12:21:00
933;GOODRICH AEROSPACE EUROPE;359462811280188;;2024-04-22 12:21:00
933;GOODRICH AEROSPACE EUROPE;359462811405421;;2024-04-22 12:21:00
933;GOODRICH AEROSPACE EUROPE;359462811727402;;2024-04-22 12:21:00
933;GOODRICH AEROSPACE EUROPE;359462815523294;;2024-04-22 12:21:00
933;GOODRICH AEROSPACE EUROPE;359462815699607;;2024-04-22 12:21:00
933;GOODRICH AEROSPACE EUROPE;359462818151572;;2024-04-22 12:21:00
933;GOODRICH AEROSPACE EUROPE;359462818997081;;2024-04-22 12:21:00
933;GOODRICH AEROSPACE EUROPE;359462815640858;;2024-04-22 12:21:00
933;GOODRICH AEROSPACE EUROPE;359462815747455;;2024-04-22 12:21:00
933;GOODRICH AEROSPACE EUROPE;359462815958144;;2024-04-22 12:21:00
933;GOODRICH AEROSPACE EUROPE;359462816026941;;2024-04-22 12:21:00
933;GOODRICH AEROSPACE EUROPE;359462817147969;;2024-04-22 12:21:00
933;GOODRICH AEROSPACE EUROPE;359462817366890;;2024-04-22 12:21:00
933;GOODRICH AEROSPACE EUROPE;359462817923419;;2024-04-22 12:21:00
933;GOODRICH AEROSPACE EUROPE;359462819176586;;2024-04-22 12:21:00
933;GOODRICH AEROSPACE EUROPE;359462815663702;;2024-04-22 12:21:00
933;GOODRICH AEROSPACE EUROPE;359462816227291;;2024-04-22 12:21:00
933;GOODRICH AEROSPACE EUROPE;359462817110546;;2024-04-22 12:21:00
933;GOODRICH AEROSPACE EUROPE;359462817290074;;2024-04-22 12:21:00
933;GOODRICH AEROSPACE EUROPE;359462817329237;;2024-04-22 12:21:00
933;GOODRICH AEROSPACE EUROPE;359462817377301;;2024-04-22 12:21:00
933;GOODRICH AEROSPACE EUROPE;359462818200296;;2024-04-22 12:21:00
933;GOODRICH AEROSPACE EUROPE;359462818830274;;2024-04-22 12:21:00
933;GOODRICH AEROSPACE EUROPE;357200607222333;;2025-07-22 11:10:10
1136;L' HOTELLIER;352725730261696;;2024-07-22 15:20:05
1136;L' HOTELLIER;352725736216223;;2024-10-08 17:35:05
1136;L' HOTELLIER;352725736233392;;2024-10-08 17:35:05
1136;L' HOTELLIER;352725736832128;;2024-10-08 17:35:05
1136;L' HOTELLIER;352725736878840;;2024-10-08 17:35:05
1136;L' HOTELLIER;352725736923968;;2024-10-08 17:35:05
1136;L' HOTELLIER;352725736974276;;2024-10-08 17:35:05
1136;L' HOTELLIER;352725737365037;;2024-10-08 17:35:05
1136;L' HOTELLIER;352725737571527;;2024-10-08 17:35:05
1136;L' HOTELLIER;352725738072079;;2024-10-08 17:35:05
1136;L' HOTELLIER;352725738218441;;2024-10-08 17:35:05
1136;L' HOTELLIER;352725738260419;;2024-10-08 17:35:05
1136;L' HOTELLIER;352725738297221;;2024-10-08 17:35:05
1136;L' HOTELLIER;352725738321377;;2024-10-08 17:35:05
1136;L' HOTELLIER;352725738833207;;2024-10-08 17:35:05
1136;L' HOTELLIER;352725739202188;;2024-10-08 17:35:05
1136;L' HOTELLIER;352725739376826;;2024-10-08 17:35:05
1136;L' HOTELLIER;352725739464598;;2024-10-08 17:35:05
1136;L' HOTELLIER;352725739529341;;2024-10-08 17:35:05
1136;L' HOTELLIER;352725739569834;;2024-10-08 17:35:05
1136;L' HOTELLIER;352725739730840;;2024-10-08 17:35:05
1136;L' HOTELLIER;351693540857395;;2025-01-08 10:25:14
1136;L' HOTELLIER;351693540972764;;2025-01-08 10:25:14
1136;L' HOTELLIER;351693541047228;;2025-01-08 10:25:14
1136;L' HOTELLIER;351693541210511;;2025-01-08 10:25:14
1136;L' HOTELLIER;351693541315393;;2025-01-08 10:25:14
1136;L' HOTELLIER;351693541326929;;2025-01-08 10:25:14
1136;L' HOTELLIER;351693541327604;;2025-01-08 10:25:14
1136;L' HOTELLIER;351693541631559;;2025-01-08 10:25:14
1136;L' HOTELLIER;354080345860195;;2025-01-08 10:25:14
1136;L' HOTELLIER;354080346065091;;2025-01-08 10:25:14
1136;L' HOTELLIER;354080346271343;;2025-01-08 10:25:14
1136;L' HOTELLIER;354080347247326;;2025-01-08 10:25:14
1136;L' HOTELLIER;354080347631230;;2025-01-08 10:25:14
1136;L' HOTELLIER;354080347633087;;2025-01-08 10:25:14
1136;L' HOTELLIER;354080348235171;;2025-01-08 10:25:14
1136;L' HOTELLIER;354080349295380;;2025-01-08 10:25:14
1136;L' HOTELLIER;354080349330203;;2025-01-08 10:25:14
1136;L' HOTELLIER;354080349562375;;2025-01-08 10:25:14
1136;L' HOTELLIER;354080349636013;;2025-01-08 10:25:14
1136;L' HOTELLIER;354080349747117;;2025-01-08 10:25:14
1227;BURNS AEROSPACE EUROPE;351260968963228;;2025-01-31 13:05:09
1227;BURNS AEROSPACE EUROPE;355820718554068;;2025-01-31 13:05:11
1227;BURNS AEROSPACE EUROPE;350872368816961;;2025-02-18 14:20:10
1227;BURNS AEROSPACE EUROPE;350872368849186;;2025-02-18 14:20:10
1227;BURNS AEROSPACE EUROPE;350872368938443;;2025-02-18 14:20:10
1227;BURNS AEROSPACE EUROPE;350872369062615;;2025-02-18 14:20:10
1227;BURNS AEROSPACE EUROPE;350872369275688;;2025-02-18 14:20:10
1227;BURNS AEROSPACE EUROPE;350872369281314;;2025-02-18 14:20:10
1227;BURNS AEROSPACE EUROPE;350872369294531;;2025-02-18 14:20:10
1227;BURNS AEROSPACE EUROPE;350872369335615;;2025-02-18 14:20:10
1227;BURNS AEROSPACE EUROPE;350872369359037;;2025-02-18 14:20:10
1227;BURNS AEROSPACE EUROPE;350872369399561;;2025-02-18 14:20:10
1227;BURNS AEROSPACE EUROPE;350872369657596;;2025-02-18 14:20:10
1227;BURNS AEROSPACE EUROPE;350872369724230;;2025-02-18 14:20:10
1227;BURNS AEROSPACE EUROPE;350872369731490;;2025-02-18 14:20:10
1227;BURNS AEROSPACE EUROPE;350872369749328;;2025-02-18 14:20:10
1227;BURNS AEROSPACE EUROPE;350872369892052;;2025-02-18 14:20:10
1227;BURNS AEROSPACE EUROPE;350872369904642;;2025-02-18 14:20:10
1227;BURNS AEROSPACE EUROPE;350872369910870;;2025-02-18 14:20:10
1227;BURNS AEROSPACE EUROPE;351260968799515;;2025-02-18 14:20:10
1227;BURNS AEROSPACE EUROPE;351260968878590;;2025-02-18 14:20:10
1227;BURNS AEROSPACE EUROPE;351260968893565;;2025-02-18 14:20:10
1227;BURNS AEROSPACE EUROPE;351260968926456;;2025-02-18 14:20:10
1227;BURNS AEROSPACE EUROPE;351260969022461;;2025-02-18 14:20:10
1227;BURNS AEROSPACE EUROPE;351260969078455;;2025-02-18 14:20:10
1227;BURNS AEROSPACE EUROPE;351260969096366;;2025-02-18 14:20:10
1227;BURNS AEROSPACE EUROPE;351260969184402;;2025-02-18 14:20:10
1227;BURNS AEROSPACE EUROPE;351260969210900;;2025-02-18 14:20:10
1227;BURNS AEROSPACE EUROPE;351260969227979;;2025-02-18 14:20:10
1227;BURNS AEROSPACE EUROPE;351260969338149;;2025-02-18 14:20:10
1227;BURNS AEROSPACE EUROPE;351260969368070;;2025-02-18 14:20:10
1227;BURNS AEROSPACE EUROPE;351260969381362;;2025-02-18 14:20:10
1227;BURNS AEROSPACE EUROPE;351260969381628;;2025-02-18 14:20:10
1227;BURNS AEROSPACE EUROPE;351260969403059;;2025-02-18 14:20:10
1227;BURNS AEROSPACE EUROPE;351260969411664;;2025-02-18 14:20:10
1227;BURNS AEROSPACE EUROPE;351260969439400;;2025-02-18 14:20:10
1227;BURNS AEROSPACE EUROPE;351260969472245;;2025-02-18 14:20:10
1227;BURNS AEROSPACE EUROPE;351260969633036;;2025-02-18 14:20:10
1227;BURNS AEROSPACE EUROPE;351260969747943;;2025-02-18 14:20:10
1227;BURNS AEROSPACE EUROPE;351260969758551;;2025-02-18 14:20:10
1227;BURNS AEROSPACE EUROPE;351260969904890;;2025-02-18 14:20:10
1227;BURNS AEROSPACE EUROPE;351280598552316;;2025-02-18 14:20:10
1227;BURNS AEROSPACE EUROPE;351280599115758;;2025-02-18 14:20:10
1227;BURNS AEROSPACE EUROPE;351280599148890;;2025-02-18 14:20:10
1227;BURNS AEROSPACE EUROPE;351280599208660;;2025-02-18 14:20:10
1227;BURNS AEROSPACE EUROPE;351280599452292;;2025-02-18 14:20:10
1227;BURNS AEROSPACE EUROPE;351280599595785;;2025-02-18 14:20:10
1227;BURNS AEROSPACE EUROPE;355820718517388;;2025-02-18 14:20:10
1227;BURNS AEROSPACE EUROPE;355820718533351;;2025-02-18 14:20:10
1227;BURNS AEROSPACE EUROPE;355820718580857;;2025-02-18 14:20:10
1227;BURNS AEROSPACE EUROPE;355820718584487;;2025-02-18 14:20:10
1227;BURNS AEROSPACE EUROPE;355820718654223;;2025-02-18 14:20:10
1227;BURNS AEROSPACE EUROPE;355820718689534;;2025-02-18 14:20:10
1227;BURNS AEROSPACE EUROPE;355820718829346;;2025-02-18 14:20:10
1227;BURNS AEROSPACE EUROPE;355820719339832;;2025-02-18 14:20:10
1227;BURNS AEROSPACE EUROPE;355820719444475;;2025-02-18 14:20:10
1227;BURNS AEROSPACE EUROPE;355820719469548;;2025-02-18 14:20:10
1227;BURNS AEROSPACE EUROPE;355820719472179;;2025-02-18 14:20:10
1227;BURNS AEROSPACE EUROPE;355820719683296;;2025-02-18 14:20:10
1227;BURNS AEROSPACE EUROPE;358107269216280;;2025-02-18 14:20:10
1227;BURNS AEROSPACE EUROPE;358107269368057;;2025-02-18 14:20:10
1227;BURNS AEROSPACE EUROPE;358107269588688;;2025-02-18 14:20:10
1227;BURNS AEROSPACE EUROPE;358107269799368;;2025-02-18 14:20:10
1227;BURNS AEROSPACE EUROPE;358107269915493;;2025-02-18 14:20:10
1227;BURNS AEROSPACE EUROPE;350872368830996;;2025-02-18 14:20:22
1227;BURNS AEROSPACE EUROPE;350872368850234;;2025-02-18 14:20:22
1227;BURNS AEROSPACE EUROPE;350872368929525;;2025-02-18 14:20:22
1227;BURNS AEROSPACE EUROPE;350872368964449;;2025-02-18 14:20:22
1227;BURNS AEROSPACE EUROPE;350872368967996;;2025-02-18 14:20:22
1227;BURNS AEROSPACE EUROPE;350872369008915;;2025-02-18 14:20:22
1227;BURNS AEROSPACE EUROPE;350872369026255;;2025-02-18 14:20:22
1227;BURNS AEROSPACE EUROPE;350872369051097;;2025-02-18 14:20:22
1227;BURNS AEROSPACE EUROPE;350872369116429;;2025-02-18 14:20:22
1227;BURNS AEROSPACE EUROPE;350872369165145;;2025-02-18 14:20:22
1227;BURNS AEROSPACE EUROPE;350872369248917;;2025-02-18 14:20:22
1227;BURNS AEROSPACE EUROPE;350872369265895;;2025-02-18 14:20:22
1227;BURNS AEROSPACE EUROPE;350872369282486;;2025-02-18 14:20:22
1227;BURNS AEROSPACE EUROPE;350872369295710;;2025-02-18 14:20:22
1227;BURNS AEROSPACE EUROPE;350872369399926;;2025-02-18 14:20:22
1227;BURNS AEROSPACE EUROPE;350872369402365;;2025-02-18 14:20:22
1227;BURNS AEROSPACE EUROPE;350872369408909;;2025-02-18 14:20:22
1227;BURNS AEROSPACE EUROPE;350872369413370;;2025-02-18 14:20:22
1227;BURNS AEROSPACE EUROPE;350872369440415;;2025-02-18 14:20:22
1227;BURNS AEROSPACE EUROPE;350872369448285;;2025-02-18 14:20:22
1227;BURNS AEROSPACE EUROPE;350872369504269;;2025-02-18 14:20:22
1227;BURNS AEROSPACE EUROPE;350872369542665;;2025-02-18 14:20:22
1227;BURNS AEROSPACE EUROPE;350872369549009;;2025-02-18 14:20:22
1227;BURNS AEROSPACE EUROPE;350872369622418;;2025-02-18 14:20:22
1227;BURNS AEROSPACE EUROPE;350872369659873;;2025-02-18 14:20:22
1227;BURNS AEROSPACE EUROPE;350872369692130;;2025-02-18 14:20:22
1227;BURNS AEROSPACE EUROPE;350872369720360;;2025-02-18 14:20:22
1227;BURNS AEROSPACE EUROPE;350872369765449;;2025-02-18 14:20:22
1227;BURNS AEROSPACE EUROPE;350872369767452;;2025-02-18 14:20:22
1227;BURNS AEROSPACE EUROPE;350872369797244;;2025-02-18 14:20:22
1227;BURNS AEROSPACE EUROPE;350872369864614;;2025-02-18 14:20:22
1227;BURNS AEROSPACE EUROPE;350872369867674;;2025-02-18 14:20:22
1227;BURNS AEROSPACE EUROPE;350872369950785;;2025-02-18 14:20:22
1227;BURNS AEROSPACE EUROPE;350872369950942;;2025-02-18 14:20:22
1227;BURNS AEROSPACE EUROPE;350872369971575;;2025-02-18 14:20:22
1227;BURNS AEROSPACE EUROPE;358107269107885;;2025-02-18 14:20:22
1227;BURNS AEROSPACE EUROPE;358107269152329;;2025-02-18 14:20:22
1227;BURNS AEROSPACE EUROPE;358107269211133;;2025-02-18 14:20:22
1227;BURNS AEROSPACE EUROPE;358107269413150;;2025-02-18 14:20:22
1227;BURNS AEROSPACE EUROPE;358107269455359;;2025-02-18 14:20:22
1227;BURNS AEROSPACE EUROPE;358107269719325;;2025-02-18 14:20:22
1227;BURNS AEROSPACE EUROPE;358107269746088;;2025-02-18 14:20:22
1227;BURNS AEROSPACE EUROPE;358107269751666;;2025-02-18 14:20:22
1227;BURNS AEROSPACE EUROPE;358107269978327;;2025-02-18 14:20:22
1227;BURNS AEROSPACE EUROPE;350872368821383;;2025-02-21 15:25:09
1227;BURNS AEROSPACE EUROPE;350872368843643;;2025-02-21 15:25:09
1227;BURNS AEROSPACE EUROPE;350872368889034;;2025-02-21 15:25:09
1227;BURNS AEROSPACE EUROPE;350872368924708;;2025-02-21 15:25:09
1227;BURNS AEROSPACE EUROPE;350872368979520;;2025-02-21 15:25:09
1227;BURNS AEROSPACE EUROPE;350872369112956;;2025-02-21 15:25:09
1227;BURNS AEROSPACE EUROPE;350872369466584;;2025-02-21 15:25:09
1227;BURNS AEROSPACE EUROPE;350872369485576;;2025-02-21 15:25:09
1227;BURNS AEROSPACE EUROPE;350872369548274;;2025-02-21 15:25:09
1227;BURNS AEROSPACE EUROPE;350872369579733;;2025-02-21 15:25:09
1227;BURNS AEROSPACE EUROPE;350872369603764;;2025-02-21 15:25:09
1227;BURNS AEROSPACE EUROPE;350872369748874;;2025-02-21 15:25:09
1227;BURNS AEROSPACE EUROPE;350872369984529;;2025-02-21 15:25:09
1227;BURNS AEROSPACE EUROPE;358107268861425;;2025-02-21 15:25:09
1227;BURNS AEROSPACE EUROPE;358107269678810;;2025-02-21 15:25:09
1227;BURNS AEROSPACE EUROPE;358107269698339;;2025-02-21 15:25:09
1227;BURNS AEROSPACE EUROPE;350646594828044;;2025-03-24 16:10:08
1227;BURNS AEROSPACE EUROPE;350872368889885;;2025-03-24 16:10:08
1227;BURNS AEROSPACE EUROPE;350872369979495;;2025-03-24 16:10:08
1227;BURNS AEROSPACE EUROPE;351095814884305;;2025-03-24 16:10:08
1227;BURNS AEROSPACE EUROPE;351095814923772;;2025-03-24 16:10:08
1227;BURNS AEROSPACE EUROPE;351095814930900;;2025-03-24 16:10:08
1227;BURNS AEROSPACE EUROPE;351926539223397;;2025-03-24 16:10:08
1227;BURNS AEROSPACE EUROPE;353380744509992;;2025-03-24 16:10:08
1227;BURNS AEROSPACE EUROPE;353380744529339;;2025-03-24 16:10:08
1227;BURNS AEROSPACE EUROPE;353380744597724;;2025-03-24 16:10:08
1227;BURNS AEROSPACE EUROPE;353380744785329;;2025-03-24 16:10:08
1227;BURNS AEROSPACE EUROPE;354222854189422;;2025-03-24 16:10:08
1227;BURNS AEROSPACE EUROPE;354222854210681;;2025-03-24 16:10:08
1227;BURNS AEROSPACE EUROPE;353380744651992;;2025-03-24 16:20:09
1227;BURNS AEROSPACE EUROPE;354665964848289;;2025-07-07 14:00:25
1227;BURNS AEROSPACE EUROPE;354665965001755;;2025-07-07 14:00:25
1227;BURNS AEROSPACE EUROPE;354665965004080;;2025-07-07 14:00:25
1227;BURNS AEROSPACE EUROPE;354665965009402;;2025-07-07 14:00:25
1227;BURNS AEROSPACE EUROPE;354665965083159;;2025-07-07 14:00:25
1227;BURNS AEROSPACE EUROPE;354665965083282;;2025-07-07 14:00:25
1227;BURNS AEROSPACE EUROPE;354665965097050;;2025-07-07 14:00:25
1227;BURNS AEROSPACE EUROPE;354665965125000;;2025-07-07 14:00:25
1227;BURNS AEROSPACE EUROPE;354665965144886;;2025-07-07 14:00:25
1227;BURNS AEROSPACE EUROPE;354665965163647;;2025-07-07 14:00:25
1227;BURNS AEROSPACE EUROPE;354665965166111;;2025-07-07 14:00:25
1227;BURNS AEROSPACE EUROPE;354665965271846;;2025-07-07 14:00:25
1227;BURNS AEROSPACE EUROPE;354665965282264;;2025-07-07 14:00:25
1227;BURNS AEROSPACE EUROPE;354665965295407;;2025-07-07 14:00:25
1227;BURNS AEROSPACE EUROPE;354665965312673;;2025-07-07 14:00:25
1227;BURNS AEROSPACE EUROPE;354665965341854;;2025-07-07 14:00:25
1227;BURNS AEROSPACE EUROPE;354665965370218;;2025-07-07 14:00:25
1227;BURNS AEROSPACE EUROPE;354665965371018;;2025-07-07 14:00:25
1227;BURNS AEROSPACE EUROPE;354665965388376;;2025-07-07 14:00:25
1227;BURNS AEROSPACE EUROPE;354665965413075;;2025-07-07 14:00:25
1227;BURNS AEROSPACE EUROPE;354665965413406;;2025-07-07 14:00:25
1227;BURNS AEROSPACE EUROPE;354665965459532;;2025-07-07 14:00:25
1227;BURNS AEROSPACE EUROPE;354665969038332;;2025-07-07 14:00:25
1227;BURNS AEROSPACE EUROPE;354665969129495;;2025-07-07 14:00:25
1227;BURNS AEROSPACE EUROPE;354665969134289;;2025-07-07 14:00:25
1227;BURNS AEROSPACE EUROPE;354665969148909;;2025-07-07 14:00:25
1227;BURNS AEROSPACE EUROPE;354665969178252;;2025-07-07 14:00:25
1227;BURNS AEROSPACE EUROPE;354665969261041;;2025-07-07 14:00:25
1227;BURNS AEROSPACE EUROPE;354665969441585;;2025-07-07 14:00:25
1227;BURNS AEROSPACE EUROPE;354665969453762;;2025-07-07 14:00:25
1227;BURNS AEROSPACE EUROPE;354665969489113;;2025-07-07 14:00:25
1227;BURNS AEROSPACE EUROPE;354665969765587;;2025-07-07 14:00:25
1227;BURNS AEROSPACE EUROPE;354665965010798;;2025-07-07 14:05:08
1227;BURNS AEROSPACE EUROPE;354665965024930;;2025-07-07 14:05:08
1227;BURNS AEROSPACE EUROPE;354665965026869;;2025-07-07 14:05:08
1227;BURNS AEROSPACE EUROPE;354665965083423;;2025-07-07 14:05:08
1227;BURNS AEROSPACE EUROPE;354665965084850;;2025-07-07 14:05:08
1227;BURNS AEROSPACE EUROPE;354665965108725;;2025-07-07 14:05:08
1227;BURNS AEROSPACE EUROPE;354665965110895;;2025-07-07 14:05:08
1227;BURNS AEROSPACE EUROPE;354665965115720;;2025-07-07 14:05:08
1227;BURNS AEROSPACE EUROPE;354665965126883;;2025-07-07 14:05:08
1227;BURNS AEROSPACE EUROPE;354665965144100;;2025-07-07 14:05:08
1227;BURNS AEROSPACE EUROPE;354665965150834;;2025-07-07 14:05:08
1227;BURNS AEROSPACE EUROPE;354665965175047;;2025-07-07 14:05:08
1227;BURNS AEROSPACE EUROPE;354665965189170;;2025-07-07 14:05:08
1227;BURNS AEROSPACE EUROPE;354665965202346;;2025-07-07 14:05:08
1227;BURNS AEROSPACE EUROPE;354665965209721;;2025-07-07 14:05:08
1227;BURNS AEROSPACE EUROPE;354665965230685;;2025-07-07 14:05:08
1227;BURNS AEROSPACE EUROPE;354665965265392;;2025-07-07 14:05:08
1227;BURNS AEROSPACE EUROPE;354665965285465;;2025-07-07 14:05:08
1227;BURNS AEROSPACE EUROPE;354665965290960;;2025-07-07 14:05:08
1227;BURNS AEROSPACE EUROPE;354665965294525;;2025-07-07 14:05:08
1227;BURNS AEROSPACE EUROPE;354665965300314;;2025-07-07 14:05:08
1227;BURNS AEROSPACE EUROPE;354665965317821;;2025-07-07 14:05:08
1227;BURNS AEROSPACE EUROPE;354665965319561;;2025-07-07 14:05:08
1227;BURNS AEROSPACE EUROPE;354665965322995;;2025-07-07 14:05:08
1227;BURNS AEROSPACE EUROPE;354665965382809;;2025-07-07 14:05:08
1227;BURNS AEROSPACE EUROPE;354665965383930;;2025-07-07 14:05:08
1227;BURNS AEROSPACE EUROPE;354665965385034;;2025-07-07 14:05:08
1227;BURNS AEROSPACE EUROPE;354665965415484;;2025-07-07 14:05:08
1227;BURNS AEROSPACE EUROPE;354665965440292;;2025-07-07 14:05:08
1227;BURNS AEROSPACE EUROPE;354665965484803;;2025-07-07 14:05:08
1227;BURNS AEROSPACE EUROPE;351260963912535;;2025-08-05 11:45:11
1227;BURNS AEROSPACE EUROPE;351260963998054;;2025-08-05 11:45:11
1227;BURNS AEROSPACE EUROPE;351321805502726;;2025-08-05 11:45:11
1227;BURNS AEROSPACE EUROPE;351321805984841;;2025-08-05 11:45:11
1227;BURNS AEROSPACE EUROPE;351321805985863;;2025-08-05 11:45:11
1227;BURNS AEROSPACE EUROPE;351321808337625;;2025-08-05 11:45:11
1227;BURNS AEROSPACE EUROPE;358434166513019;;2025-08-05 11:45:11
1227;BURNS AEROSPACE EUROPE;358434166674092;;2025-08-05 11:45:11
1227;BURNS AEROSPACE EUROPE;358434166846914;;2025-08-05 11:45:11
