01-01-2020;0;0;0
02-01-2020;0;0;0
03-01-2020;13;17;0
04-01-2020;0;0;0
05-01-2020;0;0;0
06-01-2020;6;103;0
07-01-2020;13;8;0
08-01-2020;5;4;0
09-01-2020;16;28;0
10-01-2020;12;27;0
11-01-2020;0;0;0
12-01-2020;0;0;0
13-01-2020;19;101;0
14-01-2020;26;313;0
15-01-2020;11;38;0
16-01-2020;14;55;0
17-01-2020;14;78;0
18-01-2020;0;0;0
19-01-2020;0;0;0
20-01-2020;15;8;0
21-01-2020;8;7;0
22-01-2020;10;7;0
23-01-2020;18;77;0
24-01-2020;22;17;0
25-01-2020;0;0;0
26-01-2020;0;0;0
27-01-2020;16;321;0
28-01-2020;11;30;0
29-01-2020;12;37;0
30-01-2020;16;93;0
31-01-2020;14;38;0
01-02-2020;0;0;0
02-02-2020;0;0;0
03-02-2020;12;11;0
04-02-2020;22;31;0
05-02-2020;19;40;0
06-02-2020;20;167;0
07-02-2020;18;20;0
08-02-2020;0;0;0
09-02-2020;0;0;0
10-02-2020;12;107;0
11-02-2020;14;38;0
12-02-2020;19;160;0
13-02-2020;20;155;0
14-02-2020;18;306;0
15-02-2020;0;0;0
16-02-2020;0;0;0
17-02-2020;15;12;0
18-02-2020;4;8;0
19-02-2020;13;253;0
20-02-2020;10;7;0
21-02-2020;8;18;0
22-02-2020;0;0;0
23-02-2020;0;0;0
24-02-2020;19;74;0
25-02-2020;10;69;0
26-02-2020;16;15;0
27-02-2020;12;92;0
28-02-2020;20;207;0
29-02-2020;0;0;0
01-03-2020;0;0;0
02-03-2020;11;52;0
03-03-2020;5;340;0
04-03-2020;5;6;0
05-03-2020;14;15;0
06-03-2020;9;186;0
07-03-2020;0;0;0
08-03-2020;0;0;0
09-03-2020;14;11;0
10-03-2020;9;9;0
11-03-2020;23;277;0
12-03-2020;22;39;0
13-03-2020;10;7;0
14-03-2020;0;0;0
15-03-2020;0;0;0
16-03-2020;15;153;0
17-03-2020;9;55;0
18-03-2020;6;19;0
19-03-2020;6;4;0
20-03-2020;4;86;0
21-03-2020;0;0;0
22-03-2020;1;3;0
23-03-2020;5;3;0
24-03-2020;5;20;0
25-03-2020;0;0;0
26-03-2020;3;3;0
27-03-2020;5;28;0
28-03-2020;0;0;0
29-03-2020;0;0;0
30-03-2020;4;31;0
31-03-2020;3;76;0
01-04-2020;3;3;0
02-04-2020;2;1;0
03-04-2020;6;3;0
04-04-2020;0;0;0
05-04-2020;0;0;0
06-04-2020;9;18;0
07-04-2020;6;7;0
08-04-2020;2;4;0
09-04-2020;11;43;0
10-04-2020;9;62;0
11-04-2020;0;0;0
12-04-2020;0;0;0
13-04-2020;0;0;0
14-04-2020;3;12;0
15-04-2020;2;2;0
16-04-2020;1;7;0
17-04-2020;0;0;0
18-04-2020;0;0;0
19-04-2020;0;0;0
20-04-2020;5;28;0
21-04-2020;2;1;0
22-04-2020;2;16;0
23-04-2020;4;4;0
24-04-2020;8;14;0
25-04-2020;0;0;0
26-04-2020;0;0;0
27-04-2020;4;2;0
28-04-2020;10;5;0
29-04-2020;4;302;0
30-04-2020;7;170;0
01-05-2020;0;0;0
02-05-2020;0;0;0
03-05-2020;0;0;0
04-05-2020;5;4;0
05-05-2020;10;15;0
06-05-2020;4;20;0
07-05-2020;5;26;0
08-05-2020;0;0;0
09-05-2020;0;0;0
10-05-2020;0;0;0
11-05-2020;7;72;0
12-05-2020;2;10;0
13-05-2020;19;39;0
14-05-2020;10;11;0
15-05-2020;14;175;0
16-05-2020;0;0;0
17-05-2020;0;0;0
18-05-2020;8;67;0
19-05-2020;16;69;0
20-05-2020;9;18;0
21-05-2020;0;0;0
22-05-2020;3;3;0
23-05-2020;0;0;0
24-05-2020;0;0;0
25-05-2020;6;118;0
26-05-2020;3;13;0
27-05-2020;11;23;0
28-05-2020;5;99;0
29-05-2020;6;27;0
30-05-2020;0;0;0
31-05-2020;0;0;0
01-06-2020;0;0;0
02-06-2020;22;141;0
03-06-2020;11;634;0
04-06-2020;8;23;0
05-06-2020;14;9;0
06-06-2020;0;0;0
07-06-2020;0;0;0
08-06-2020;25;40;0
09-06-2020;10;53;0
10-06-2020;13;22;0
11-06-2020;14;42;0
12-06-2020;15;319;0
13-06-2020;0;0;0
14-06-2020;0;0;0
15-06-2020;7;20;0
16-06-2020;6;52;0
17-06-2020;15;17;0
18-06-2020;16;17;0
19-06-2020;6;8;0
20-06-2020;0;0;0
21-06-2020;0;0;0
22-06-2020;15;93;0
23-06-2020;35;2389;0
24-06-2020;8;68;0
25-06-2020;20;154;0
26-06-2020;0;1;0
27-06-2020;0;0;0
28-06-2020;3;9;0
29-06-2020;9;44;0
30-06-2020;40;876;0
01-07-2020;34;541;0
02-07-2020;37;385;0
03-07-2020;36;1605;0
04-07-2020;0;0;0
05-07-2020;0;0;0
06-07-2020;8;104;0
07-07-2020;11;101;0
08-07-2020;16;178;0
09-07-2020;34;44;0
10-07-2020;11;263;0
11-07-2020;0;0;0
12-07-2020;3;4;0
13-07-2020;14;314;0
14-07-2020;0;0;0
15-07-2020;2;5;0
16-07-2020;2;12;0
17-07-2020;3;411;0
18-07-2020;0;0;0
19-07-2020;0;0;0
20-07-2020;6;289;0
21-07-2020;15;47;0
22-07-2020;9;105;0
23-07-2020;10;46;0
24-07-2020;22;76;0
25-07-2020;0;0;0
26-07-2020;0;0;0
27-07-2020;46;78;0
28-07-2020;17;43;0
29-07-2020;76;2782;0
30-07-2020;10;50;0
31-07-2020;21;589;0
01-08-2020;0;0;0
02-08-2020;0;0;0
03-08-2020;9;16;0
04-08-2020;14;90;0
05-08-2020;16;88;0
06-08-2020;6;57;0
07-08-2020;13;13;0
08-08-2020;0;0;0
09-08-2020;0;0;0
10-08-2020;10;107;0
11-08-2020;4;6;0
12-08-2020;11;430;0
13-08-2020;7;7;0
14-08-2020;40;1664;0
15-08-2020;0;0;0
16-08-2020;0;0;0
17-08-2020;5;6;0
18-08-2020;30;1548;0
19-08-2020;10;24;0
20-08-2020;7;12;0
21-08-2020;12;12;0
22-08-2020;0;0;0
23-08-2020;0;0;0
24-08-2020;7;7;0
25-08-2020;14;17;0
26-08-2020;14;174;0
27-08-2020;10;31;0
28-08-2020;7;280;0
29-08-2020;0;0;0
30-08-2020;0;0;0
31-08-2020;9;599;0
01-09-2020;16;305;0
02-09-2020;23;49;0
03-09-2020;14;60;0
04-09-2020;17;375;0
05-09-2020;0;0;0
06-09-2020;0;0;0
07-09-2020;39;51;0
08-09-2020;14;17;0
09-09-2020;19;54;0
10-09-2020;12;190;0
11-09-2020;19;486;0
12-09-2020;0;0;0
13-09-2020;0;0;0
14-09-2020;13;42;0
15-09-2020;15;63;0
16-09-2020;17;56;0
17-09-2020;12;19;0
18-09-2020;7;40;0
19-09-2020;0;0;0
20-09-2020;0;0;0
21-09-2020;14;64;0
22-09-2020;65;2028;0
23-09-2020;18;440;0
24-09-2020;35;280;0
25-09-2020;23;213;0
26-09-2020;0;0;0
27-09-2020;0;0;0
28-09-2020;26;506;0
29-09-2020;18;69;0
30-09-2020;18;26;0
01-10-2020;16;16;0
02-10-2020;37;99;0
03-10-2020;0;0;0
04-10-2020;0;0;0
05-10-2020;17;55;0
06-10-2020;15;75;0
07-10-2020;13;15;0
08-10-2020;23;64;0
09-10-2020;17;241;0
10-10-2020;0;0;0
11-10-2020;0;0;0
12-10-2020;18;36;0
13-10-2020;23;177;0
14-10-2020;32;72;0
15-10-2020;16;52;0
16-10-2020;9;68;0
17-10-2020;0;0;0
18-10-2020;0;0;0
19-10-2020;26;719;0
20-10-2020;13;67;0
21-10-2020;9;82;0
22-10-2020;11;716;0
23-10-2020;11;136;0
24-10-2020;0;0;0
25-10-2020;0;182;0
26-10-2020;11;81;0
27-10-2020;11;288;0
28-10-2020;6;23;0
29-10-2020;19;1027;0
30-10-2020;10;402;0
31-10-2020;0;0;0
01-11-2020;0;0;0
02-11-2020;24;1810;0
03-11-2020;9;124;0
04-11-2020;14;129;0
05-11-2020;7;70;0
06-11-2020;8;35;0
07-11-2020;0;0;0
08-11-2020;0;0;0
09-11-2020;5;25;0
10-11-2020;8;67;0
11-11-2020;0;0;0
12-11-2020;8;113;0
13-11-2020;12;128;0
14-11-2020;0;0;0
15-11-2020;0;0;0
16-11-2020;12;200;0
17-11-2020;11;119;0
18-11-2020;8;260;0
19-11-2020;7;34;0
20-11-2020;102;266;0
21-11-2020;0;0;0
22-11-2020;0;0;0
23-11-2020;13;314;0
24-11-2020;14;162;0
25-11-2020;8;30;0
26-11-2020;10;268;0
27-11-2020;8;115;0
28-11-2020;0;0;0
29-11-2020;0;0;0
30-11-2020;16;156;0
01-12-2020;13;176;0
02-12-2020;2;83;0
03-12-2020;18;211;0
04-12-2020;9;111;0
05-12-2020;0;0;0
06-12-2020;0;0;0
07-12-2020;14;93;0
08-12-2020;31;971;0
09-12-2020;10;199;0
10-12-2020;20;276;0
11-12-2020;25;82;0
12-12-2020;0;0;0
13-12-2020;0;0;0
14-12-2020;11;726;0
15-12-2020;12;69;0
16-12-2020;12;260;0
17-12-2020;9;104;0
18-12-2020;16;455;0
19-12-2020;0;0;0
20-12-2020;0;0;0
21-12-2020;9;111;0
22-12-2020;12;237;0
23-12-2020;11;506;0
24-12-2020;9;128;0
25-12-2020;0;0;0
26-12-2020;0;0;0
27-12-2020;0;0;0
28-12-2020;20;123;0
29-12-2020;9;1054;0
30-12-2020;7;164;0
31-12-2020;2;14;0
01-01-2021;0;0;0
02-01-2021;0;0;0
03-01-2021;0;0;0
04-01-2021;11;141;0
05-01-2021;31;504;0
06-01-2021;26;259;0
07-01-2021;26;279;0
08-01-2021;25;132;0
09-01-2021;0;0;0
10-01-2021;0;0;0
11-01-2021;14;23;0
12-01-2021;15;172;0
13-01-2021;32;53;0
14-01-2021;248;262;0
15-01-2021;30;58;0
16-01-2021;0;0;0
17-01-2021;0;0;0
18-01-2021;55;515;0
19-01-2021;32;230;0
20-01-2021;20;51;0
21-01-2021;11;38;0
22-01-2021;16;57;0
23-01-2021;0;0;0
24-01-2021;1;1;0
25-01-2021;25;55;0
26-01-2021;15;16;0
27-01-2021;25;196;0
28-01-2021;21;33;0
29-01-2021;20;19;0
30-01-2021;0;0;0
31-01-2021;0;0;0
01-02-2021;11;47;0
02-02-2021;23;70;0
03-02-2021;25;495;0
04-02-2021;26;186;0
05-02-2021;39;172;0
06-02-2021;0;0;0
07-02-2021;0;0;0
08-02-2021;25;49;0
09-02-2021;24;46;0
10-02-2021;29;268;0
11-02-2021;25;391;0
12-02-2021;31;307;0
13-02-2021;0;0;0
14-02-2021;0;0;0
15-02-2021;13;44;0
16-02-2021;25;60;0
17-02-2021;19;147;0
18-02-2021;17;32;0
19-02-2021;44;987;0
20-02-2021;0;0;0
21-02-2021;0;0;0
22-02-2021;20;518;0
23-02-2021;26;290;0
24-02-2021;32;52;0
25-02-2021;14;92;0
26-02-2021;27;143;0
27-02-2021;0;0;0
28-02-2021;0;0;0
01-03-2021;30;65;0
02-03-2021;32;153;0
03-03-2021;25;175;0
04-03-2021;16;51;0
05-03-2021;22;49;0
06-03-2021;0;0;0
07-03-2021;0;0;0
08-03-2021;19;1511;0
09-03-2021;32;352;0
10-03-2021;22;494;0
11-03-2021;19;99;0
12-03-2021;15;19;0
13-03-2021;0;0;0
14-03-2021;0;0;0
15-03-2021;13;16;0
16-03-2021;24;296;0
17-03-2021;18;28;0
18-03-2021;18;437;0
19-03-2021;14;139;0
20-03-2021;0;0;0
21-03-2021;0;0;0
22-03-2021;14;279;0
23-03-2021;39;439;0
24-03-2021;15;122;0
25-03-2021;27;747;0
26-03-2021;13;467;0
27-03-2021;0;0;0
28-03-2021;0;0;0
29-03-2021;15;112;0
30-03-2021;19;23;0
31-03-2021;31;259;0
01-04-2021;25;198;0
02-04-2021;24;602;0
03-04-2021;0;0;0
04-04-2021;0;0;0
05-04-2021;1;1;0
06-04-2021;21;290;0
07-04-2021;55;566;0
08-04-2021;50;832;0
09-04-2021;14;216;0
10-04-2021;0;0;0
11-04-2021;0;0;0
12-04-2021;57;73;0
13-04-2021;28;51;0
14-04-2021;12;124;0
15-04-2021;18;342;0
16-04-2021;17;140;0
17-04-2021;0;0;0
18-04-2021;0;0;0
19-04-2021;8;24;0
20-04-2021;15;47;0
21-04-2021;37;2253;0
22-04-2021;16;21;0
23-04-2021;18;416;0
24-04-2021;0;0;0
25-04-2021;0;0;0
26-04-2021;16;135;0
27-04-2021;20;428;0
28-04-2021;22;365;0
29-04-2021;16;46;0
30-04-2021;22;141;0
01-05-2021;0;0;0
02-05-2021;0;0;0
03-05-2021;25;165;0
04-05-2021;28;97;0
05-05-2021;35;184;0
06-05-2021;21;55;0
07-05-2021;24;49;0
08-05-2021;0;0;0
09-05-2021;0;0;0
10-05-2021;16;441;0
11-05-2021;14;116;0
12-05-2021;21;91;0
13-05-2021;0;0;0
14-05-2021;7;44;0
15-05-2021;0;0;0
16-05-2021;0;0;0
17-05-2021;27;460;0
18-05-2021;38;993;0
19-05-2021;11;53;0
20-05-2021;23;86;0
21-05-2021;28;1350;0
22-05-2021;0;0;0
23-05-2021;0;0;0
24-05-2021;0;0;0
25-05-2021;16;129;0
26-05-2021;33;118;0
27-05-2021;19;349;0
28-05-2021;21;39;0
29-05-2021;0;0;0
30-05-2021;0;0;0
31-05-2021;14;82;0
01-06-2021;17;413;0
02-06-2021;26;161;0
03-06-2021;21;104;0
04-06-2021;11;24;0
05-06-2021;0;0;0
06-06-2021;0;0;0
07-06-2021;26;80;0
08-06-2021;12;17;0
09-06-2021;56;126;0
10-06-2021;17;75;0
11-06-2021;20;135;0
12-06-2021;0;0;0
13-06-2021;0;0;0
14-06-2021;24;91;0
15-06-2021;26;103;0
16-06-2021;29;204;0
17-06-2021;19;204;0
18-06-2021;20;155;0
19-06-2021;0;0;0
20-06-2021;1;1;0
21-06-2021;36;356;0
22-06-2021;28;34;0
23-06-2021;17;32;0
24-06-2021;23;161;0
25-06-2021;18;51;0
26-06-2021;0;0;0
27-06-2021;0;0;0
28-06-2021;14;44;0
29-06-2021;27;84;0
30-06-2021;17;58;0
01-07-2021;30;60;0
02-07-2021;21;86;0
03-07-2021;0;0;0
04-07-2021;0;0;0
05-07-2021;26;90;0
06-07-2021;32;79;0
07-07-2021;17;26;0
08-07-2021;22;141;0
09-07-2021;23;131;0
10-07-2021;0;0;0
11-07-2021;0;0;0
12-07-2021;18;28;0
13-07-2021;34;98;0
14-07-2021;0;0;0
15-07-2021;14;92;0
16-07-2021;21;33;0
17-07-2021;0;0;0
18-07-2021;0;0;0
19-07-2021;12;16;0
20-07-2021;18;56;0
21-07-2021;22;26;0
22-07-2021;20;113;0
23-07-2021;39;511;0
24-07-2021;0;0;0
25-07-2021;0;0;0
26-07-2021;25;727;0
27-07-2021;29;398;0
28-07-2021;23;831;0
29-07-2021;11;14;0
30-07-2021;9;35;0
31-07-2021;0;0;0
01-08-2021;0;0;0
02-08-2021;4;41;0
03-08-2021;11;25;0
04-08-2021;11;114;0
05-08-2021;74;321;0
06-08-2021;10;148;0
07-08-2021;0;0;0
08-08-2021;0;0;0
09-08-2021;55;46;0
10-08-2021;20;55;0
11-08-2021;18;108;0
12-08-2021;6;151;0
13-08-2021;13;37;0
14-08-2021;0;0;0
15-08-2021;0;0;0
16-08-2021;23;122;0
17-08-2021;8;29;0
18-08-2021;17;33;0
19-08-2021;21;52;0
20-08-2021;11;36;0
21-08-2021;0;0;0
22-08-2021;0;0;0
23-08-2021;20;20;0
24-08-2021;27;97;0
25-08-2021;31;400;0
26-08-2021;19;25;0
27-08-2021;40;699;0
28-08-2021;0;0;0
29-08-2021;0;0;0
30-08-2021;16;325;0
31-08-2021;14;53;0
01-09-2021;20;253;0
02-09-2021;35;369;0
03-09-2021;34;108;0
04-09-2021;0;0;0
05-09-2021;0;0;0
06-09-2021;19;81;0
07-09-2021;20;46;0
08-09-2021;42;316;0
09-09-2021;17;114;0
10-09-2021;32;518;0
11-09-2021;0;0;0
12-09-2021;0;0;0
13-09-2021;27;60;0
14-09-2021;14;20;0
15-09-2021;25;32;0
16-09-2021;32;1206;0
17-09-2021;16;134;0
18-09-2021;0;0;0
19-09-2021;0;0;0
20-09-2021;12;66;0
21-09-2021;28;726;0
22-09-2021;17;315;0
23-09-2021;35;794;0
24-09-2021;19;116;0
25-09-2021;0;0;0
26-09-2021;0;0;0
27-09-2021;13;72;0
28-09-2021;31;83;0
29-09-2021;27;49;0
30-09-2021;37;60;0
01-10-2021;24;110;0
02-10-2021;0;0;0
03-10-2021;0;0;0
04-10-2021;32;77;0
05-10-2021;45;751;0
06-10-2021;15;62;0
07-10-2021;30;718;0
08-10-2021;15;34;0
09-10-2021;0;0;0
10-10-2021;0;0;0
11-10-2021;29;287;0
12-10-2021;24;251;0
13-10-2021;16;134;0
14-10-2021;44;328;0
15-10-2021;29;53;0
16-10-2021;0;0;0
17-10-2021;0;0;0
18-10-2021;29;271;0
19-10-2021;23;53;0
20-10-2021;30;182;0
21-10-2021;17;163;0
22-10-2021;23;398;0
23-10-2021;0;0;0
24-10-2021;0;0;0
25-10-2021;18;44;0
26-10-2021;31;145;0
27-10-2021;24;173;0
28-10-2021;27;377;0
29-10-2021;26;70;0
30-10-2021;0;0;0
31-10-2021;0;0;0
01-11-2021;0;0;0
02-11-2021;12;17;0
03-11-2021;37;793;0
04-11-2021;28;119;0
05-11-2021;32;231;0
06-11-2021;1;1;0
07-11-2021;0;0;0
08-11-2021;23;270;0
09-11-2021;30;107;0
10-11-2021;25;265;0
11-11-2021;0;0;0
12-11-2021;8;9;0
13-11-2021;0;0;0
14-11-2021;0;0;0
15-11-2021;33;279;0
16-11-2021;23;44;0
17-11-2021;25;261;0
18-11-2021;24;210;0
19-11-2021;19;235;0
20-11-2021;0;0;0
21-11-2021;0;0;0
22-11-2021;21;255;0
23-11-2021;18;119;0
24-11-2021;14;47;0
25-11-2021;26;208;0
26-11-2021;30;273;0
27-11-2021;0;0;0
28-11-2021;0;0;0
29-11-2021;21;255;0
30-11-2021;31;296;0
01-12-2021;13;27;0
02-12-2021;30;584;0
03-12-2021;29;923;0
04-12-2021;0;0;0
05-12-2021;0;0;0
06-12-2021;50;518;0
07-12-2021;56;458;0
08-12-2021;19;57;0
09-12-2021;46;1334;0
10-12-2021;52;298;0
11-12-2021;0;0;0
12-12-2021;0;0;0
13-12-2021;28;350;0
14-12-2021;28;390;0
15-12-2021;19;102;0
16-12-2021;15;61;0
17-12-2021;36;409;0
18-12-2021;0;0;0
19-12-2021;0;0;0
20-12-2021;20;62;0
21-12-2021;14;85;0
22-12-2021;26;367;0
23-12-2021;37;62;0
24-12-2021;30;780;0
25-12-2021;0;0;0
26-12-2021;0;0;0
27-12-2021;109;144;0
28-12-2021;25;70;0
29-12-2021;33;979;0
30-12-2021;11;61;0
31-12-2021;11;111;0
01-01-2022;0;0;0
02-01-2022;0;0;0
03-01-2022;24;52;0
04-01-2022;20;43;0
05-01-2022;19;94;0
06-01-2022;20;150;0
07-01-2022;33;60;0
08-01-2022;0;0;0
09-01-2022;0;0;0
10-01-2022;10;87;0
11-01-2022;24;37;0
12-01-2022;17;266;0
13-01-2022;36;421;0
14-01-2022;39;52;0
15-01-2022;0;0;0
16-01-2022;0;0;0
17-01-2022;34;135;0
18-01-2022;28;431;0
19-01-2022;21;340;0
20-01-2022;19;33;0
21-01-2022;33;178;0
22-01-2022;0;0;0
23-01-2022;0;0;0
24-01-2022;42;542;0
25-01-2022;21;125;0
26-01-2022;37;163;0
27-01-2022;16;78;0
28-01-2022;22;46;0
29-01-2022;0;0;0
30-01-2022;0;0;0
31-01-2022;30;86;0
01-02-2022;25;170;0
02-02-2022;35;96;0
03-02-2022;37;119;0
04-02-2022;29;113;0
05-02-2022;0;0;0
06-02-2022;0;0;0
07-02-2022;26;572;0
08-02-2022;31;206;0
09-02-2022;31;215;0
10-02-2022;23;144;0
11-02-2022;32;153;0
12-02-2022;0;0;0
13-02-2022;0;0;0
14-02-2022;37;573;0
15-02-2022;57;208;0
16-02-2022;30;66;0
17-02-2022;33;83;0
18-02-2022;27;131;0
19-02-2022;0;0;0
20-02-2022;0;0;0
21-02-2022;60;1932;0
22-02-2022;40;188;0
23-02-2022;39;741;0
24-02-2022;39;199;0
25-02-2022;24;464;0
26-02-2022;0;0;0
27-02-2022;0;0;0
28-02-2022;50;286;0
01-03-2022;44;148;0
02-03-2022;28;143;0
03-03-2022;28;230;0
04-03-2022;33;56;0
05-03-2022;0;0;0
06-03-2022;0;0;0
07-03-2022;54;296;0
08-03-2022;40;293;0
09-03-2022;27;412;0
10-03-2022;40;1289;0
11-03-2022;12;28;0
12-03-2022;0;0;0
13-03-2022;0;0;0
14-03-2022;31;307;0
15-03-2022;49;306;0
16-03-2022;22;24;0
17-03-2022;26;56;0
18-03-2022;26;152;0
19-03-2022;0;0;0
20-03-2022;0;0;0
21-03-2022;27;118;0
22-03-2022;29;252;0
23-03-2022;21;38;0
24-03-2022;23;75;0
25-03-2022;23;46;0
26-03-2022;0;0;0
27-03-2022;0;0;0
28-03-2022;35;97;0
29-03-2022;36;622;0
30-03-2022;27;69;0
31-03-2022;21;212;0
01-04-2022;40;66;0
02-04-2022;0;0;0
03-04-2022;0;0;0
04-04-2022;53;167;0
05-04-2022;34;65;0
06-04-2022;30;218;0
07-04-2022;28;67;0
08-04-2022;27;48;0
09-04-2022;0;0;0
10-04-2022;0;0;0
11-04-2022;28;158;0
12-04-2022;33;234;0
13-04-2022;20;171;0
14-04-2022;44;89;0
15-04-2022;28;143;0
16-04-2022;0;0;0
17-04-2022;0;0;0
18-04-2022;0;0;0
19-04-2022;10;11;0
20-04-2022;22;189;0
21-04-2022;29;161;0
22-04-2022;27;119;0
23-04-2022;0;0;0
24-04-2022;0;0;0
25-04-2022;36;530;0
26-04-2022;35;63;0
27-04-2022;30;395;0
28-04-2022;25;293;0
29-04-2022;21;51;0
30-04-2022;0;0;0
01-05-2022;0;0;0
02-05-2022;28;61;0
03-05-2022;19;419;0
04-05-2022;18;27;0
05-05-2022;22;223;0
06-05-2022;13;50;0
07-05-2022;0;0;0
08-05-2022;0;0;0
09-05-2022;9;56;0
10-05-2022;24;84;0
11-05-2022;35;273;0
12-05-2022;9;75;0
13-05-2022;79;114;0
14-05-2022;0;0;0
15-05-2022;0;0;0
16-05-2022;35;1170;0
17-05-2022;47;252;0
18-05-2022;37;522;0
19-05-2022;23;48;0
20-05-2022;47;71;0
21-05-2022;0;0;0
22-05-2022;0;0;0
23-05-2022;38;205;0
24-05-2022;35;133;0
25-05-2022;13;13;0
26-05-2022;0;0;0
27-05-2022;13;31;0
28-05-2022;0;0;0
29-05-2022;0;0;0
30-05-2022;14;26;0
31-05-2022;24;61;0
01-06-2022;35;114;0
02-06-2022;33;157;0
03-06-2022;37;188;0
04-06-2022;0;0;0
05-06-2022;0;0;0
06-06-2022;0;0;0
07-06-2022;43;274;0
08-06-2022;30;256;0
09-06-2022;25;101;0
10-06-2022;39;187;0
11-06-2022;0;0;0
12-06-2022;0;0;0
13-06-2022;37;393;0
14-06-2022;43;162;0
15-06-2022;14;15;0
16-06-2022;29;198;0
17-06-2022;30;70;0
18-06-2022;0;0;0
19-06-2022;0;0;0
20-06-2022;28;199;0
21-06-2022;31;144;0
22-06-2022;24;51;0
23-06-2022;29;71;0
24-06-2022;44;133;0
25-06-2022;0;0;0
26-06-2022;0;0;0
27-06-2022;27;104;0
28-06-2022;24;104;0
29-06-2022;20;63;0
30-06-2022;45;497;0
01-07-2022;27;338;0
02-07-2022;0;0;0
03-07-2022;0;0;0
04-07-2022;33;402;0
05-07-2022;35;138;0
06-07-2022;27;37;0
07-07-2022;20;46;0
08-07-2022;34;169;0
09-07-2022;0;0;0
10-07-2022;0;0;0
11-07-2022;29;82;0
12-07-2022;21;28;0
13-07-2022;21;83;0
14-07-2022;0;0;0
15-07-2022;14;88;0
16-07-2022;0;0;0
17-07-2022;0;0;0
18-07-2022;35;43;0
19-07-2022;26;92;0
20-07-2022;16;37;0
21-07-2022;14;31;0
22-07-2022;16;130;0
23-07-2022;0;0;0
24-07-2022;0;0;0
25-07-2022;36;102;0
26-07-2022;41;143;0
27-07-2022;34;120;0
28-07-2022;23;66;0
29-07-2022;40;396;0
30-07-2022;0;0;0
31-07-2022;0;0;0
01-08-2022;35;144;0
02-08-2022;26;87;0
03-08-2022;52;164;0
04-08-2022;16;269;0
05-08-2022;35;545;0
06-08-2022;0;0;0
07-08-2022;0;0;0
08-08-2022;47;117;0
09-08-2022;18;47;0
10-08-2022;35;221;0
11-08-2022;14;156;0
12-08-2022;18;51;0
13-08-2022;0;0;0
14-08-2022;0;0;0
15-08-2022;0;0;0
16-08-2022;24;139;0
17-08-2022;17;190;0
18-08-2022;15;24;0
19-08-2022;11;12;0
20-08-2022;0;0;0
21-08-2022;0;0;0
22-08-2022;32;751;0
23-08-2022;42;246;0
24-08-2022;42;395;0
25-08-2022;57;2921;0
26-08-2022;25;44;0
27-08-2022;0;0;0
28-08-2022;0;0;0
29-08-2022;29;168;0
30-08-2022;34;275;0
31-08-2022;36;148;0
01-09-2022;63;747;0
02-09-2022;33;94;0
03-09-2022;0;0;0
04-09-2022;0;0;0
05-09-2022;37;81;0
06-09-2022;35;232;0
07-09-2022;53;771;0
08-09-2022;59;373;0
09-09-2022;38;437;0
10-09-2022;2;62;0
11-09-2022;0;0;0
12-09-2022;23;62;0
13-09-2022;47;285;0
14-09-2022;29;204;0
15-09-2022;29;662;0
16-09-2022;35;49;0
17-09-2022;0;0;0
18-09-2022;0;0;0
19-09-2022;80;159;0
20-09-2022;39;90;0
21-09-2022;30;36;0
22-09-2022;20;271;0
23-09-2022;51;206;0
24-09-2022;0;0;0
25-09-2022;1;20;0
26-09-2022;22;589;0
27-09-2022;30;174;0
28-09-2022;34;147;0
29-09-2022;30;128;0
30-09-2022;49;453;0
01-10-2022;0;0;0
02-10-2022;0;0;0
03-10-2022;30;62;0
04-10-2022;50;943;0
05-10-2022;42;150;0
06-10-2022;32;73;0
07-10-2022;33;135;0
08-10-2022;0;0;0
09-10-2022;0;0;0
10-10-2022;21;79;0
11-10-2022;59;1246;0
12-10-2022;41;146;0
13-10-2022;41;77;0
14-10-2022;29;59;0
15-10-2022;0;0;0
16-10-2022;0;0;0
17-10-2022;43;748;0
18-10-2022;29;573;0
19-10-2022;51;925;0
20-10-2022;42;326;0
21-10-2022;36;586;0
22-10-2022;0;0;0
23-10-2022;0;0;0
24-10-2022;32;360;0
25-10-2022;37;371;0
26-10-2022;38;292;0
27-10-2022;29;185;0
28-10-2022;63;526;0
29-10-2022;0;0;0
30-10-2022;1;1;0
31-10-2022;37;567;0
01-11-2022;0;0;0
02-11-2022;24;184;0
03-11-2022;30;82;0
04-11-2022;38;108;0
05-11-2022;0;0;0
06-11-2022;0;0;0
07-11-2022;29;134;0
08-11-2022;67;293;0
09-11-2022;34;188;0
10-11-2022;31;83;0
11-11-2022;0;0;0
12-11-2022;0;0;0
13-11-2022;0;0;0
14-11-2022;25;268;0
15-11-2022;40;863;0
16-11-2022;22;133;0
17-11-2022;25;178;0
18-11-2022;11;14;0
19-11-2022;0;0;0
20-11-2022;0;0;0
21-11-2022;59;441;0
22-11-2022;38;224;0
23-11-2022;33;418;0
24-11-2022;18;47;0
25-11-2022;24;85;0
26-11-2022;0;0;0
27-11-2022;0;0;0
28-11-2022;28;108;0
29-11-2022;25;103;0
30-11-2022;42;64;0
01-12-2022;26;41;0
02-12-2022;21;26;0
03-12-2022;0;0;0
04-12-2022;0;0;0
05-12-2022;45;186;0
06-12-2022;38;433;0
07-12-2022;36;532;0
08-12-2022;58;2544;0
09-12-2022;26;292;0
10-12-2022;0;0;0
11-12-2022;0;0;0
12-12-2022;24;316;0
13-12-2022;36;364;0
14-12-2022;65;1242;0
15-12-2022;31;411;0
16-12-2022;29;1120;0
17-12-2022;0;0;0
18-12-2022;0;0;0
19-12-2022;35;161;0
20-12-2022;25;320;0
21-12-2022;53;1337;0
22-12-2022;33;35;0
23-12-2022;10;531;0
24-12-2022;0;0;0
25-12-2022;0;0;0
26-12-2022;19;175;0
27-12-2022;18;64;0
28-12-2022;18;640;0
29-12-2022;17;270;0
30-12-2022;31;2112;0
31-12-2022;0;0;0
01-01-2023;0;0;0
02-01-2023;6;23;0
03-01-2023;18;165;0
04-01-2023;24;286;0
05-01-2023;49;425;0
06-01-2023;33;208;0
07-01-2023;0;0;0
08-01-2023;0;0;0
09-01-2023;35;200;0
10-01-2023;42;122;0
11-01-2023;26;695;0
12-01-2023;29;482;0
13-01-2023;37;292;0
14-01-2023;0;0;0
15-01-2023;0;0;0
16-01-2023;41;85;0
17-01-2023;51;1900;0
18-01-2023;34;166;0
19-01-2023;22;41;0
20-01-2023;25;38;0
21-01-2023;0;0;0
22-01-2023;1;1;0
23-01-2023;32;133;0
24-01-2023;23;49;0
25-01-2023;26;113;0
26-01-2023;76;240;0
27-01-2023;45;184;0
28-01-2023;0;0;0
29-01-2023;0;0;0
30-01-2023;32;156;0
31-01-2023;45;88;0
01-02-2023;35;295;0
02-02-2023;35;142;0
03-02-2023;23;42;0
04-02-2023;0;0;0
05-02-2023;0;0;0
06-02-2023;24;146;0
07-02-2023;50;443;0
08-02-2023;32;210;0
09-02-2023;29;231;0
10-02-2023;35;388;0
11-02-2023;0;0;0
12-02-2023;0;0;0
13-02-2023;39;225;0
14-02-2023;36;172;0
15-02-2023;45;290;0
16-02-2023;52;101;0
17-02-2023;45;662;0
18-02-2023;0;0;0
19-02-2023;0;0;0
20-02-2023;34;93;0
21-02-2023;43;1118;0
22-02-2023;67;827;0
23-02-2023;62;233;0
24-02-2023;25;106;0
25-02-2023;0;0;0
26-02-2023;0;0;0
27-02-2023;32;140;0
28-02-2023;47;151;0
01-03-2023;45;385;0
02-03-2023;51;241;0
03-03-2023;33;150;0
04-03-2023;0;0;0
05-03-2023;0;0;0
06-03-2023;42;72;0
07-03-2023;67;1899;0
08-03-2023;51;1922;0
09-03-2023;46;159;0
10-03-2023;48;841;0
11-03-2023;0;0;0
12-03-2023;0;0;0
13-03-2023;81;683;0
14-03-2023;60;332;0
15-03-2023;63;1050;0
16-03-2023;44;639;0
17-03-2023;31;172;0
18-03-2023;0;0;0
19-03-2023;0;0;0
20-03-2023;48;1871;0
21-03-2023;47;209;0
22-03-2023;130;606;0
23-03-2023;29;148;0
24-03-2023;29;141;0
25-03-2023;0;0;0
26-03-2023;0;0;0
27-03-2023;26;256;0
28-03-2023;39;148;0
29-03-2023;65;200;0
30-03-2023;32;100;0
31-03-2023;31;101;0
01-04-2023;0;0;0
02-04-2023;0;0;0
03-04-2023;23;321;0
04-04-2023;51;2340;0
05-04-2023;24;639;0
06-04-2023;42;381;0
07-04-2023;11;13;0
08-04-2023;0;0;0
09-04-2023;0;0;0
10-04-2023;0;0;0
11-04-2023;28;78;0
12-04-2023;50;318;0
13-04-2023;36;79;0
14-04-2023;34;204;0
15-04-2023;0;0;0
16-04-2023;0;0;0
17-04-2023;37;201;0
18-04-2023;24;62;0
19-04-2023;29;340;0
20-04-2023;36;699;0
21-04-2023;30;92;0
22-04-2023;0;0;0
23-04-2023;0;0;0
24-04-2023;22;380;0
25-04-2023;34;129;0
26-04-2023;30;202;0
27-04-2023;36;470;0
28-04-2023;31;333;0
29-04-2023;0;0;0
30-04-2023;0;0;0
01-05-2023;0;0;0
02-05-2023;34;173;0
03-05-2023;33;139;0
04-05-2023;23;129;0
05-05-2023;22;36;0
06-05-2023;0;0;0
07-05-2023;0;0;0
08-05-2023;0;0;0
09-05-2023;23;49;0
10-05-2023;44;151;0
11-05-2023;31;332;0
12-05-2023;28;110;0
13-05-2023;0;0;0
14-05-2023;0;0;0
15-05-2023;36;62;0
16-05-2023;34;210;0
17-05-2023;25;78;0
18-05-2023;0;0;0
19-05-2023;19;122;0
20-05-2023;0;0;0
21-05-2023;0;0;0
22-05-2023;25;169;0
23-05-2023;36;79;0
24-05-2023;48;258;0
25-05-2023;17;66;0
26-05-2023;32;850;0
27-05-2023;0;0;0
28-05-2023;0;0;0
29-05-2023;0;0;0
30-05-2023;55;77;0
31-05-2023;69;620;0
01-06-2023;31;131;0
02-06-2023;29;118;0
03-06-2023;0;0;0
04-06-2023;0;0;0
05-06-2023;30;91;0
06-06-2023;46;521;0
07-06-2023;28;252;0
08-06-2023;37;234;0
09-06-2023;36;196;0
10-06-2023;0;0;0
11-06-2023;0;0;0
12-06-2023;41;376;0
13-06-2023;28;264;0
14-06-2023;78;152;0
15-06-2023;36;327;0
16-06-2023;52;149;0
17-06-2023;0;0;0
18-06-2023;0;0;0
19-06-2023;54;197;0
20-06-2023;43;70;0
21-06-2023;29;64;0
22-06-2023;30;108;0
23-06-2023;34;83;0
24-06-2023;0;0;0
25-06-2023;0;0;0
26-06-2023;37;133;0
27-06-2023;43;106;0
28-06-2023;39;190;0
29-06-2023;35;406;0
30-06-2023;43;105;0
01-07-2023;0;0;0
02-07-2023;0;0;0
03-07-2023;40;407;0
04-07-2023;52;494;0
05-07-2023;33;52;0
06-07-2023;40;110;0
07-07-2023;41;315;0
08-07-2023;0;0;0
09-07-2023;0;0;0
10-07-2023;20;24;0
11-07-2023;47;251;0
12-07-2023;26;34;0
13-07-2023;27;135;0
14-07-2023;0;0;0
15-07-2023;0;0;0
16-07-2023;0;0;0
17-07-2023;22;69;0
18-07-2023;32;381;0
19-07-2023;20;120;0
20-07-2023;20;348;0
21-07-2023;19;122;0
22-07-2023;0;0;0
23-07-2023;0;0;0
24-07-2023;29;33;0
25-07-2023;33;386;0
26-07-2023;83;210;0
27-07-2023;49;143;0
28-07-2023;25;52;0
29-07-2023;0;0;0
30-07-2023;0;0;0
31-07-2023;29;101;0
01-08-2023;31;171;0
02-08-2023;19;275;0
03-08-2023;28;337;0
04-08-2023;43;387;0
05-08-2023;0;0;0
06-08-2023;0;0;0
07-08-2023;30;55;0
08-08-2023;20;100;0
09-08-2023;23;176;0
10-08-2023;35;44;0
11-08-2023;13;117;0
12-08-2023;0;0;0
13-08-2023;0;0;0
14-08-2023;20;195;0
15-08-2023;0;0;0
16-08-2023;18;26;0
17-08-2023;31;57;0
18-08-2023;16;28;0
19-08-2023;0;0;0
20-08-2023;0;0;0
21-08-2023;17;27;0
22-08-2023;127;392;0
23-08-2023;40;50;0
24-08-2023;50;572;0
25-08-2023;28;52;0
26-08-2023;0;0;0
27-08-2023;0;0;0
28-08-2023;29;48;0
29-08-2023;50;151;0
30-08-2023;45;59;0
31-08-2023;33;92;0
01-09-2023;21;58;0
02-09-2023;0;0;0
03-09-2023;0;0;0
04-09-2023;41;114;0
05-09-2023;38;76;0
06-09-2023;24;182;0
07-09-2023;48;147;0
08-09-2023;35;184;0
09-09-2023;0;0;0
10-09-2023;0;0;0
11-09-2023;44;488;0
12-09-2023;45;473;0
13-09-2023;29;58;0
14-09-2023;29;59;0
15-09-2023;32;81;0
16-09-2023;0;0;0
17-09-2023;0;0;0
18-09-2023;25;187;0
19-09-2023;39;578;0
20-09-2023;35;251;0
21-09-2023;50;152;0
22-09-2023;34;70;0
23-09-2023;0;0;0
24-09-2023;0;0;0
25-09-2023;41;100;0
26-09-2023;50;332;0
27-09-2023;38;303;0
28-09-2023;28;175;0
29-09-2023;23;103;0
30-09-2023;0;0;0
01-10-2023;0;0;0
02-10-2023;43;64;0
03-10-2023;34;290;0
04-10-2023;36;331;0
05-10-2023;27;31;0
06-10-2023;25;30;0
07-10-2023;0;0;0
08-10-2023;0;0;0
09-10-2023;35;190;0
10-10-2023;36;72;0
11-10-2023;25;76;0
12-10-2023;37;201;0
13-10-2023;40;504;0
14-10-2023;0;0;0
15-10-2023;0;0;0
16-10-2023;23;193;0
17-10-2023;39;94;0
18-10-2023;32;313;0
19-10-2023;36;541;0
20-10-2023;46;1453;0
21-10-2023;0;0;0
22-10-2023;0;0;0
23-10-2023;29;219;0
24-10-2023;32;138;0
25-10-2023;54;183;0
26-10-2023;31;179;0
27-10-2023;47;881;0
28-10-2023;0;0;0
29-10-2023;0;0;0
30-10-2023;40;1241;0
31-10-2023;34;150;0
01-11-2023;0;0;0
02-11-2023;37;71;0
03-11-2023;20;62;0
04-11-2023;0;0;0
05-11-2023;0;0;0
06-11-2023;41;72;0
07-11-2023;35;85;0
08-11-2023;46;1085;0
09-11-2023;30;140;0
10-11-2023;47;455;0
11-11-2023;0;0;0
12-11-2023;0;0;0
13-11-2023;69;168;0
14-11-2023;35;243;0
15-11-2023;62;2666;0
16-11-2023;32;40;0
17-11-2023;63;3143;0
18-11-2023;0;0;0
19-11-2023;0;0;0
20-11-2023;39;269;0
21-11-2023;44;478;0
22-11-2023;49;275;0
23-11-2023;66;812;0
24-11-2023;37;232;0
25-11-2023;0;0;0
26-11-2023;0;0;0
27-11-2023;46;172;0
28-11-2023;62;1883;0
29-11-2023;48;1826;0
30-11-2023;55;722;0
01-12-2023;101;914;0
02-12-2023;0;0;0
03-12-2023;0;0;0
04-12-2023;49;798;0
05-12-2023;32;390;0
06-12-2023;60;581;0
07-12-2023;50;84;0
08-12-2023;34;311;0
09-12-2023;0;0;0
10-12-2023;0;0;0
11-12-2023;20;189;0
12-12-2023;32;469;0
13-12-2023;34;39;0
14-12-2023;46;729;0
15-12-2023;20;91;0
16-12-2023;0;0;0
17-12-2023;0;0;0
18-12-2023;52;872;0
19-12-2023;35;125;0
20-12-2023;42;92;0
21-12-2023;38;122;0
22-12-2023;28;29;0
23-12-2023;0;0;0
24-12-2023;0;0;0
25-12-2023;0;0;0
26-12-2023;58;89;0
27-12-2023;40;458;0
28-12-2023;18;1083;0
29-12-2023;22;22;0
30-12-2023;0;0;0
31-12-2023;0;0;0
01-01-2024;0;0;0
02-01-2024;25;1066;0
03-01-2024;38;99;0
04-01-2024;22;26;0
05-01-2024;30;58;0
06-01-2024;0;0;0
07-01-2024;0;0;0
08-01-2024;29;245;0
09-01-2024;39;64;0
10-01-2024;47;198;0
11-01-2024;53;227;0
12-01-2024;47;343;0
13-01-2024;0;0;0
14-01-2024;0;0;0
15-01-2024;32;77;0
16-01-2024;42;72;0
17-01-2024;38;68;0
18-01-2024;34;519;0
19-01-2024;35;246;0
20-01-2024;0;0;0
21-01-2024;0;0;0
22-01-2024;40;123;0
23-01-2024;27;270;0
24-01-2024;42;141;0
25-01-2024;48;107;0
26-01-2024;14;48;0
27-01-2024;1;2;0
28-01-2024;1;1;0
29-01-2024;66;502;0
30-01-2024;46;433;0
31-01-2024;43;61;0
01-02-2024;62;94;0
02-02-2024;47;244;0
03-02-2024;0;0;0
04-02-2024;0;0;0
05-02-2024;39;153;0
06-02-2024;52;114;0
07-02-2024;23;73;0
08-02-2024;57;70;0
09-02-2024;54;67;0
10-02-2024;0;0;0
11-02-2024;0;0;0
12-02-2024;41;508;0
13-02-2024;31;206;0
14-02-2024;49;185;0
15-02-2024;71;753;0
16-02-2024;62;110;0
17-02-2024;0;0;0
18-02-2024;0;0;0
19-02-2024;27;79;0
20-02-2024;37;284;0
21-02-2024;52;489;0
22-02-2024;28;111;0
23-02-2024;28;41;0
24-02-2024;0;0;0
25-02-2024;0;0;0
26-02-2024;39;377;0
27-02-2024;98;5224;0
28-02-2024;50;622;0
29-02-2024;53;244;0
01-03-2024;30;154;0
02-03-2024;0;0;0
03-03-2024;0;0;0
04-03-2024;52;221;0
05-03-2024;26;101;0
06-03-2024;29;92;0
07-03-2024;45;1073;0
08-03-2024;29;605;0
09-03-2024;0;0;0
10-03-2024;0;0;0
11-03-2024;33;65;0
12-03-2024;44;233;0
13-03-2024;42;126;0
14-03-2024;33;68;0
15-03-2024;31;83;0
16-03-2024;0;0;0
17-03-2024;0;0;0
18-03-2024;31;83;0
19-03-2024;37;226;0
20-03-2024;29;46;0
21-03-2024;22;367;0
22-03-2024;38;77;0
23-03-2024;0;0;0
24-03-2024;0;0;0
25-03-2024;30;240;0
26-03-2024;9;136;0
27-03-2024;36;131;0
28-03-2024;36;116;0
29-03-2024;48;557;0
30-03-2024;0;0;0
31-03-2024;0;0;0
01-04-2024;0;0;0
02-04-2024;50;919;0
03-04-2024;42;112;0
04-04-2024;24;151;0
05-04-2024;36;158;0
06-04-2024;0;0;0
07-04-2024;0;0;0
08-04-2024;26;60;0
09-04-2024;27;64;0
10-04-2024;41;181;0
11-04-2024;47;246;0
12-04-2024;17;30;0
13-04-2024;0;0;0
14-04-2024;0;0;0
15-04-2024;27;301;0
16-04-2024;27;122;0
17-04-2024;16;265;0
18-04-2024;45;164;0
19-04-2024;18;219;0
20-04-2024;0;0;0
21-04-2024;0;0;0
22-04-2024;29;146;0
23-04-2024;30;485;0
24-04-2024;38;111;0
25-04-2024;38;82;0
26-04-2024;21;56;0
27-04-2024;0;0;0
28-04-2024;0;0;0
29-04-2024;21;58;0
30-04-2024;29;101;0
01-05-2024;0;0;0
02-05-2024;36;142;0
03-05-2024;23;92;0
04-05-2024;0;0;0
05-05-2024;0;0;0
06-05-2024;53;123;0
07-05-2024;21;141;0
08-05-2024;0;0;0
09-05-2024;0;0;0
10-05-2024;26;29;0
11-05-2024;0;0;0
12-05-2024;0;0;0
13-05-2024;25;244;0
14-05-2024;22;52;0
15-05-2024;31;81;0
16-05-2024;28;116;0
17-05-2024;59;124;0
18-05-2024;0;0;0
19-05-2024;0;0;0
20-05-2024;0;0;0
21-05-2024;33;110;0
22-05-2024;20;76;0
23-05-2024;25;52;0
24-05-2024;34;100;0
25-05-2024;0;0;0
26-05-2024;0;0;0
27-05-2024;39;131;0
28-05-2024;51;306;0
29-05-2024;32;338;0
30-05-2024;33;98;0
31-05-2024;67;801;0
01-06-2024;0;0;0
02-06-2024;0;0;0
03-06-2024;57;568;0
04-06-2024;26;158;0
05-06-2024;22;63;0
06-06-2024;22;108;0
07-06-2024;41;205;0
08-06-2024;0;0;0
09-06-2024;0;0;0
10-06-2024;32;151;0
11-06-2024;37;282;0
12-06-2024;39;363;0
13-06-2024;40;243;0
14-06-2024;32;64;0
15-06-2024;0;0;0
16-06-2024;0;0;0
17-06-2024;28;74;1
18-06-2024;41;613;0
19-06-2024;38;197;0
20-06-2024;40;219;1
21-06-2024;27;354;1
22-06-2024;0;0;0
23-06-2024;0;0;0
24-06-2024;44;209;0
25-06-2024;25;181;0
26-06-2024;43;134;0
27-06-2024;31;138;0
28-06-2024;42;140;0
29-06-2024;0;0;0
30-06-2024;0;0;0
01-07-2024;21;55;0
02-07-2024;36;182;0
03-07-2024;51;384;0
04-07-2024;36;55;0
05-07-2024;29;381;0
06-07-2024;1;118;0
07-07-2024;0;0;0
08-07-2024;58;141;1
09-07-2024;65;63;2
10-07-2024;37;250;2
11-07-2024;45;188;2
12-07-2024;103;324;27
13-07-2024;0;0;0
14-07-2024;0;0;0
15-07-2024;61;445;0
16-07-2024;122;243;4
17-07-2024;40;24;3
18-07-2024;45;70;2
19-07-2024;29;23;0
20-07-2024;0;0;0
21-07-2024;0;0;0
22-07-2024;53;40;1
23-07-2024;52;57;0
24-07-2024;64;101;40
25-07-2024;45;123;0
26-07-2024;20;89;5
27-07-2024;0;0;0
28-07-2024;0;0;0
29-07-2024;37;37;0
30-07-2024;39;42;3
31-07-2024;18;331;2
01-08-2024;31;49;1
02-08-2024;42;18;0
03-08-2024;0;0;0
04-08-2024;0;0;0
05-08-2024;27;21;3
06-08-2024;35;180;8
07-08-2024;25;956;1
08-08-2024;32;2392;6
09-08-2024;42;306;2
10-08-2024;0;0;0
11-08-2024;0;0;0
12-08-2024;69;188;35
13-08-2024;34;631;2
14-08-2024;21;21;0
15-08-2024;0;0;0
16-08-2024;16;20;0
17-08-2024;0;0;0
18-08-2024;0;0;0
19-08-2024;43;456;350
20-08-2024;31;249;1
21-08-2024;41;143;1
22-08-2024;35;113;0
23-08-2024;44;976;7
24-08-2024;0;0;0
25-08-2024;0;0;0
26-08-2024;52;83;21
27-08-2024;96;156;9
28-08-2024;35;190;4
29-08-2024;53;349;0
30-08-2024;48;104;8
31-08-2024;0;0;0
01-09-2024;0;0;0
02-09-2024;63;295;1
03-09-2024;64;69;0
04-09-2024;63;264;2
05-09-2024;69;118;147
06-09-2024;53;222;4
07-09-2024;0;0;0
08-09-2024;0;0;0
09-09-2024;64;425;4
10-09-2024;50;581;14
11-09-2024;29;157;14
12-09-2024;47;70;4
13-09-2024;48;183;24
14-09-2024;0;0;0
15-09-2024;0;0;0
16-09-2024;72;107;6
17-09-2024;67;213;7
18-09-2024;27;137;2
19-09-2024;50;447;5
20-09-2024;63;241;18
21-09-2024;0;0;0
22-09-2024;0;0;0
23-09-2024;106;293;8
24-09-2024;47;107;5
25-09-2024;61;205;2
26-09-2024;73;309;5
27-09-2024;54;73;1
28-09-2024;0;0;0
29-09-2024;0;0;0
30-09-2024;92;643;78
01-10-2024;63;80;1
02-10-2024;68;300;3
03-10-2024;83;376;2
04-10-2024;52;228;0
05-10-2024;0;0;0
06-10-2024;0;0;0
07-10-2024;41;67;1
08-10-2024;66;95;0
09-10-2024;45;316;3
10-10-2024;80;198;4
11-10-2024;57;90;2
12-10-2024;0;0;0
13-10-2024;0;0;0
14-10-2024;66;151;0
15-10-2024;68;232;363
16-10-2024;53;94;2
17-10-2024;39;83;7
18-10-2024;82;260;1
19-10-2024;0;0;0
20-10-2024;0;0;0
21-10-2024;66;418;1
22-10-2024;75;529;1
23-10-2024;49;132;6
24-10-2024;53;626;1
25-10-2024;43;43;4
26-10-2024;0;0;0
27-10-2024;0;0;0
28-10-2024;59;124;35
29-10-2024;67;270;0
30-10-2024;96;135;4
31-10-2024;41;42;2
01-11-2024;0;0;0
02-11-2024;0;0;0
03-11-2024;0;0;0
04-11-2024;51;293;1
05-11-2024;38;124;0
06-11-2024;56;191;0
07-11-2024;64;108;1
08-11-2024;47;84;0
09-11-2024;0;0;0
10-11-2024;0;0;0
11-11-2024;0;0;0
12-11-2024;101;350;3
13-11-2024;74;81;1
14-11-2024;64;3188;0
15-11-2024;77;162;8
16-11-2024;0;0;0
17-11-2024;0;0;0
18-11-2024;36;79;1
19-11-2024;67;107;6
20-11-2024;55;94;2
21-11-2024;68;355;1
22-11-2024;38;447;4
23-11-2024;0;0;0
24-11-2024;0;0;0
25-11-2024;73;134;1
26-11-2024;61;133;34
27-11-2024;70;353;5
28-11-2024;51;316;5
29-11-2024;74;148;1
30-11-2024;0;0;0
01-12-2024;0;0;0
02-12-2024;132;204;210
03-12-2024;57;705;1
04-12-2024;33;79;4
05-12-2024;146;449;2
06-12-2024;69;169;3
07-12-2024;0;0;0
08-12-2024;0;0;0
09-12-2024;72;138;0
10-12-2024;44;288;7
11-12-2024;54;325;4
12-12-2024;47;177;4
13-12-2024;84;1589;53
14-12-2024;0;0;0
15-12-2024;0;0;0
16-12-2024;59;530;2
17-12-2024;59;484;2
18-12-2024;67;188;0
19-12-2024;92;324;6
20-12-2024;33;43;13
21-12-2024;0;0;0
22-12-2024;0;0;0
23-12-2024;53;1371;2
24-12-2024;60;96;2
25-12-2024;0;0;0
26-12-2024;19;66;3
27-12-2024;26;76;1
28-12-2024;0;0;0
29-12-2024;0;0;0
30-12-2024;16;18;5
31-12-2024;25;114;2
01-01-2025;0;0;0
02-01-2025;41;65;1
03-01-2025;29;81;1
04-01-2025;1;1;0
05-01-2025;0;0;0
06-01-2025;58;170;72
07-01-2025;45;77;186
08-01-2025;65;841;3
09-01-2025;117;374;2
10-01-2025;48;152;13
11-01-2025;0;0;0
12-01-2025;0;0;0
13-01-2025;55;314;1
14-01-2025;37;39;2
15-01-2025;115;536;22
16-01-2025;95;493;282
17-01-2025;64;204;127
18-01-2025;0;0;0
19-01-2025;0;0;0
20-01-2025;55;1795;2048
21-01-2025;54;458;8
22-01-2025;69;253;3
23-01-2025;126;322;1
24-01-2025;80;167;13
25-01-2025;0;0;0
26-01-2025;0;0;0
27-01-2025;58;178;40
28-01-2025;61;695;1
29-01-2025;48;77;9
30-01-2025;62;86;1
31-01-2025;68;437;18
01-02-2025;0;0;0
02-02-2025;0;0;0
03-02-2025;81;263;554
04-02-2025;78;80;3
05-02-2025;74;132;6
06-02-2025;80;866;24
07-02-2025;41;1861;0
08-02-2025;0;0;0
09-02-2025;0;0;0
10-02-2025;91;415;14
11-02-2025;69;221;4
12-02-2025;39;279;12
13-02-2025;128;390;0
14-02-2025;43;64;4
15-02-2025;0;0;0
16-02-2025;0;0;0
17-02-2025;71;118;1
18-02-2025;50;298;19
19-02-2025;52;134;21
20-02-2025;66;550;37
21-02-2025;37;101;1
22-02-2025;0;0;0
23-02-2025;0;0;0
24-02-2025;26;371;2
25-02-2025;125;120;8
26-02-2025;46;70;22
27-02-2025;47;84;0
28-02-2025;53;57;9
01-03-2025;0;0;0
02-03-2025;0;0;0
03-03-2025;63;119;10
04-03-2025;52;732;3
05-03-2025;62;195;0
06-03-2025;52;99;1
07-03-2025;86;445;4
08-03-2025;0;0;0
09-03-2025;0;0;0
10-03-2025;56;374;56
11-03-2025;104;139;10
12-03-2025;93;220;4
13-03-2025;62;221;1
14-03-2025;48;201;2
15-03-2025;0;0;0
16-03-2025;0;0;0
17-03-2025;92;246;29
18-03-2025;107;1135;0
19-03-2025;62;140;6
20-03-2025;60;247;5
21-03-2025;54;159;2
22-03-2025;0;0;0
23-03-2025;0;0;0
24-03-2025;88;541;4
25-03-2025;64;189;5
26-03-2025;49;544;9
27-03-2025;105;1180;8
28-03-2025;62;931;16
29-03-2025;0;0;0
30-03-2025;0;0;0
31-03-2025;59;437;31
01-04-2025;107;587;14
02-04-2025;44;52;1
03-04-2025;37;193;3
04-04-2025;107;622;1
05-04-2025;0;0;0
06-04-2025;0;0;0
07-04-2025;33;47;1
08-04-2025;80;240;2
09-04-2025;71;562;20
10-04-2025;50;52;7
11-04-2025;169;170;93
12-04-2025;0;0;0
13-04-2025;0;0;0
14-04-2025;320;311;5
15-04-2025;30;24;0
16-04-2025;114;102;2
17-04-2025;132;119;5
18-04-2025;99;1056;9
19-04-2025;0;0;0
20-04-2025;0;0;0
21-04-2025;0;0;0
22-04-2025;119;215;0
23-04-2025;59;127;2
24-04-2025;62;107;37
25-04-2025;96;227;2
26-04-2025;0;0;0
27-04-2025;0;0;0
28-04-2025;57;60;1
29-04-2025;88;212;1
30-04-2025;60;133;0
01-05-2025;0;0;0
02-05-2025;39;45;1
03-05-2025;0;0;0
04-05-2025;0;0;0
05-05-2025;24;36;1
06-05-2025;33;81;0
07-05-2025;138;558;3
08-05-2025;0;0;0
09-05-2025;101;136;0
10-05-2025;0;0;0
11-05-2025;0;0;0
12-05-2025;53;345;57
13-05-2025;50;204;1
14-05-2025;66;98;3
15-05-2025;62;163;0
16-05-2025;64;364;9
17-05-2025;0;0;0
18-05-2025;0;2;0
19-05-2025;88;383;1
20-05-2025;59;214;2
21-05-2025;50;48;0
22-05-2025;127;218;2
23-05-2025;54;149;0
24-05-2025;0;0;0
25-05-2025;0;0;0
26-05-2025;95;1309;1
27-05-2025;84;1449;1
28-05-2025;65;269;5
29-05-2025;0;0;0
30-05-2025;30;355;0
31-05-2025;0;0;0
01-06-2025;0;0;0
02-06-2025;38;347;0
03-06-2025;54;607;2
04-06-2025;43;229;2
05-06-2025;127;413;0
06-06-2025;49;650;1
07-06-2025;0;0;0
08-06-2025;0;0;0
09-06-2025;5;5;0
10-06-2025;27;49;80
11-06-2025;65;218;12
12-06-2025;86;149;18
13-06-2025;64;1358;4
14-06-2025;0;0;0
15-06-2025;0;0;0
16-06-2025;78;792;3
17-06-2025;75;1098;14
18-06-2025;82;280;12
19-06-2025;89;308;0
20-06-2025;90;516;4
21-06-2025;0;0;0
22-06-2025;0;0;0
23-06-2025;77;102;8
24-06-2025;101;163;7
25-06-2025;70;936;6
26-06-2025;112;182;0
27-06-2025;97;240;1
28-06-2025;0;0;0
29-06-2025;0;0;0
30-06-2025;64;243;7
