X2001146;2;;X2001305;F4E93A0;7224424177;2020-11-17T15:20:16;1
K2100415;2;;DP2100043;F4E93A0;7723828581;2021-02-19T15:30:08;1
K2100417;2;;DP2100043;F4E93A0;7723828581;2021-02-19T17:37:48;1
K2100418;2;;DP2100043;F4E93A0;7723828581;2021-02-19T17:41:26;1
K2100421;2;;DP2100043;F4E93A0;7723828581;2021-02-19T17:48:59;1
K2100420;2;;DP2100043;F4E93A0;7723828581;2021-02-19T17:47:49;1
K2100419;2;;DP2100043;F4E93A0;7723828581;2021-02-19T17:46:03;1
K2100425;2;;DP2100043;F4E93A0;7723828581;2021-02-19T17:52:34;1
K2100424;2;;DP2100043;F4E93A0;7723828581;2021-02-19T17:52:05;1
K2100423;2;;DP2100043;F4E93A0;7723828581;2021-02-19T17:51:26;1
K2100422;2;;DP2100043;F4E93A0;7723828581;2021-02-19T17:51:17;1
K2100519;2;;DP2100043;F4E93A0;7723828581;2021-03-04T09:32:41;1
K2100532;2;;DP2100058;F4E93A0;7723828581;2021-03-05T15:39:24;1
K2100533;2;;DP2100058;F4E93A0;7723828581;2021-03-05T15:41:15;1
K2100625;3;;DP2100043;F4E93A0;7723828581;2021-03-23T09:56:11;1
K2100747;2;;DP2100043;F4E93A0;7723828581;2021-04-06T12:54:28;1
K2100874;2;;X2001305;F4E93A0;7224424177;2021-04-16T11:47:24;1
K2101029;2;;DP2100043;F4E93A0;7723828581;2021-05-05T17:26:45;1
K2101030;2;;DP2100043;F4E93A0;7723828581;2021-05-05T17:27:40;1
K2101032;2;;DP2100043;F4E93A0;7723828581;2021-05-05T17:30:23;1
K2101031;2;;DP2100043;F4E93A0;7723828581;2021-05-05T17:29:11;1
K2101033;2;;DP2100043;F4E93A0;7723828581;2021-05-05T18:06:57;1
K2101034;2;;DP2100043;F4E93A0;7723828581;2021-05-05T18:09:23;1
K2101057;2;;DP2100058;F4E93A0;7723828581;2021-05-11T09:48:57;1
K2101066;2;;X2001305;F4E93A0;7224424177;2021-05-12T12:30:19;1
K2101099;2;;DP2100058;F4E93A0;7723828581;2021-05-19T11:57:47;1
K2101101;2;;DP2100058;F4E93A0;7723828581;2021-05-19T12:52:07;1
K2101189;2;;DP2100058;F4E93A0;7723828581;2021-06-07T11:11:29;1
K2101193;2;;DP2100058;F4E93A0;7723828581;2021-06-07T14:14:46;1
K2101203;2;;DP2100058;F4E93A0;7723828581;2021-06-09T13:48:51;1
K2101402;2;;DP2100058;F4E93A0;7723828581;2021-07-02T14:11:43;1
K2101419;2;;DP2100058;F4E93A0;7723828581;2021-07-06T11:48:06;1
K2101428;2;;DP2100043;F4E93A0;7723828581;2021-07-07T13:38:02;1
K2101450;2;;DP2100058;F4E93A0;7723828581;2021-07-09T16:48:38;1
K2101461;2;;DP2100058;F4E93A0;7723828581;2021-07-13T10:09:53;1
K2101475;2;;DP2100058;F4E93A0;7723828581;2021-07-15T16:30:34;1
K2101480;2;;DP2100043;F4E93A0;7723828581;2021-07-16T16:09:22;1
K2101487;2;;X2001305;F4E93A0;7224424177;2021-07-20T10:03:47;1
K2101564;2;;DP2100058;F4E93A0;7723828581;2021-08-02T09:25:30;1
K2101677;2;;DP2100058;F4E93A0;7723828581;2021-08-06T13:37:27;1
K2101692;2;;X2001305;F4E93A0;7224424177;2021-08-09T16:50:49;1
K2101726;2;;DP2100058;F4E93A0;7723828581;2021-08-13T16:18:42;1
K2101727;2;;DP2100058;F4E93A0;7723828581;2021-08-13T16:20:40;1
K2101728;2;;DP2100058;F4E93A0;7723828581;2021-08-13T16:23:26;1
K2101747;2;;DP2100058;F4E93A0;7723828581;2021-08-17T11:20:37;1
K2101767;2;;DP2100043;F4E93A0;7723828581;2021-08-20T12:18:04;1
K2101773;2;;X2001305;F4E93A0;7224424177;2021-08-23T11:33:48;1
K2101774;2;;X2001305;F4E93A0;7224424177;2021-08-23T11:34:30;1
K2101775;2;;X2001305;F4E93A0;7224424177;2021-08-23T12:01:51;1
K2101788;2;;X2001305;F4E93A0;7224424177;2021-08-24T11:08:24;1
K2101787;2;;X2001305;F4E93A0;7224424177;2021-08-24T11:06:26;1
K2101789;2;;X2001305;F4E93A0;7224424177;2021-08-24T11:12:14;1
K2101805;2;;X2001305;F4E93A0;7224424177;2021-08-25T14:24:15;1
K2101806;2;;X2001305;F4E93A0;7224424177;2021-08-25T14:29:22;1
K2101809;2;;DP2100058;F4E93A0;7723828581;2021-08-25T15:07:04;1
K2101860;2;;DP2100058;F4E93A0;7723828581;2021-08-30T09:49:33;1
K2101872;2;;X2001305;F4E93A0;7224424177;2021-08-31T16:12:47;1
K2102157;2;;X2001305;F4E93A0;7224424177;2021-10-07T15:20:43;1
K2102188;2;;X2001305;F4E93A0;7224424177;2021-10-12T13:54:21;1
K2102226;2;;X2001305;F4E93A0;7224424177;2021-10-18T14:32:44;1
K2102255;2;;X2001305;F4E93A0;7224424177;2021-10-20T16:51:34;1
K2102263;2;;X2001305;F4E93A0;7224424177;2021-10-21T14:27:06;1
K2102276;2;;X2001305;F4E93A0;7224424177;2021-10-22T15:03:26;1
K2102275;2;;X2001305;F4E93A0;7224424177;2021-10-22T15:00:17;1
K2102277;2;;X2001305;F4E93A0;7224424177;2021-10-22T15:13:24;1
K2102303;2;;X2001305;F4E93A0;7224424177;2021-10-27T09:42:33;1
K2102306;2;;X2001305;F4E93A0;7224424177;2021-10-27T15:24:00;1
K2102315;2;;X2001305;F4E93A0;7224424177;2021-10-28T13:43:46;1
K2102357;2;;DP2100043;F4E93A0;7723828581;2021-11-04T12:15:54;1
K2102407;2;;DP2100043;F4E93A0;7723828581;2021-11-16T10:12:14;1
K2102448;2;;DP2100058;F4E93A0;7723828581;2021-11-24T09:25:52;1
K2102460;2;;X2001305;F4E93A0;7224424177;2021-11-25T13:58:39;1
K2102462;2;;X2001305;F4E93A0;7224424177;2021-11-25T14:03:29;1
K2102461;2;;X2001305;F4E93A0;7224424177;2021-11-25T14:01:05;1
K2102472;2;;X2001305;F4E93A0;7224424177;2021-11-26T14:04:37;1
K2102497;2;;X2001305;F4E93A0;7224424177;2021-11-30T11:08:15;1
K2102498;2;;X2001305;F4E93A0;7224424177;2021-11-30T11:08:24;1
K2102502;2;;X2001305;F4E93A0;7224424177;2021-11-30T14:07:38;1
K2102503;2;;X2001305;F4E93A0;7224424177;2021-11-30T14:11:10;1
K2102507;2;;DP2100043;F4E93A0;7723828581;2021-11-30T16:44:00;1
K2102573;2;;X2001305;F4E93A0;7224424177;2021-12-08T15:18:36;1
K2102594;2;;X2001305;F4E93A0;7224424177;2021-12-10T09:27:06;1
K2102595;2;;X2001305;F4E93A0;7224424177;2021-12-10T09:29:19;1
K2102604;2;;X2001305;F4E93A0;7224424177;2021-12-10T15:36:54;1
K2102612;2;;X2001305;F4E93A0;7224424177;2021-12-13T15:28:16;1
K2102613;2;;X2001305;F4E93A0;7224424177;2021-12-13T15:34:47;1
K2102624;2;;X2001305;F4E93A0;7224424177;2021-12-14T11:32:50;1
K2102629;2;;X2001305;F4E93A0;7224424177;2021-12-14T13:33:15;1
K2102627;2;;X2001305;F4E93A0;7224424177;2021-12-14T13:29:25;1
K2102628;2;;X2001305;F4E93A0;7224424177;2021-12-14T13:31:23;1
K2102630;2;;X2001305;F4E93A0;7224424177;2021-12-14T13:34:49;1
K2102641;2;;X2001305;F4E93A0;7224424177;2021-12-15T15:13:00;1
K2102642;2;;X2001305;F4E93A0;7224424177;2021-12-15T15:16:33;1
K2102650;2;;X2001305;F4E93A0;7224424177;2021-12-16T12:27:24;1
K2102663;2;;X2001305;F4E93A0;7224424177;2021-12-17T11:36:05;1
K2102664;2;;X2001305;F4E93A0;7224424177;2021-12-17T11:44:14;1
K2102665;2;;X2001305;F4E93A0;7224424177;2021-12-17T11:46:49;1
K2102669;2;;X2001305;F4E93A0;7224424177;2021-12-17T16:49:53;1
K2102671;2;;X2001305;F4E93A0;7224424177;2021-12-17T16:53:01;1
K2102670;2;;X2001305;F4E93A0;7224424177;2021-12-17T16:51:23;1
K2102673;2;;X2001305;F4E93A0;7224424177;2021-12-17T16:57:29;1
K2102672;2;;X2001305;F4E93A0;7224424177;2021-12-17T16:54:34;1
K2102684;2;;X2001305;F4E93A0;7224424177;2021-12-20T15:22:28;1
K2102690;2;;DP2100043;F4E93A0;7723828581;2021-12-21T11:23:20;1
K2102692;2;;DP2100043;F4E93A0;7723828581;2021-12-21T11:37:12;1
K2102696;2;;X2001305;F4E93A0;7224424177;2021-12-22T13:36:41;1
K2102700;2;;X2001305;F4E93A0;7224424177;2021-12-22T15:13:09;1
K2102702;2;;X2001305;F4E93A0;7224424177;2021-12-22T15:15:32;1
K2102721;2;;DP2100058;F4E93A0;7723828581;2021-12-23T16:24:19;1
K2102728;2;;X2001305;F4E93A0;7224424177;2021-12-24T13:44:33;1
K2102729;2;;X2001305;F4E93A0;7224424177;2021-12-24T13:46:45;1
K2102730;2;;X2001305;F4E93A0;7224424177;2021-12-24T13:50:15;1
K2102732;2;;X2001305;F4E93A0;7224424177;2021-12-24T13:57:50;1
K2102731;2;;X2001305;F4E93A0;7224424177;2021-12-24T13:55:28;1
K2102733;2;;X2001305;F4E93A0;7224424177;2021-12-24T14:01:09;1
K2102734;2;;X2001305;F4E93A0;7224424177;2021-12-24T14:12:18;1
K2102735;2;;X2001305;F4E93A0;7224424177;2021-12-24T14:15:53;1
K2102737;2;;X2001305;F4E93A0;7224424177;2021-12-24T14:21:45;1
K2102736;2;;X2001305;F4E93A0;7224424177;2021-12-24T14:19:52;1
K2102739;2;;X2001305;F4E93A0;7224424177;2021-12-24T14:26:22;1
K2102740;2;;X2001305;F4E93A0;7224424177;2021-12-24T14:28:31;1
K2102738;2;;X2001305;F4E93A0;7224424177;2021-12-24T14:24:44;1
K2102755;2;;X2001305;F4E93A0;7224424177;2021-12-28T09:18:36;1
K2102754;2;;X2001305;F4E93A0;7224424177;2021-12-28T09:16:00;1
K2102756;2;;X2001305;F4E93A0;7224424177;2021-12-28T09:21:40;1
K2102763;2;;X2001305;F4E93A0;7224424177;2021-12-29T09:07:25;1
K2102762;2;;X2001305;F4E93A0;7224424177;2021-12-29T09:05:56;1
K2102764;2;;X2001305;F4E93A0;7224424177;2021-12-29T09:10:25;1
K2102765;2;;X2001305;F4E93A0;7224424177;2021-12-29T09:11:57;1
K2102790;2;;X2001305;F4E93A0;7224424177;2021-12-30T09:11:34;1
K2102792;2;;X2001305;F4E93A0;7224424177;2021-12-31T10:58:41;1
K2200008;2;;X2001305;F4E93A0;7224424177;2022-01-03T13:48:29;1
K2200009;2;;X2001305;F4E93A0;7224424177;2022-01-03T13:51:51;1
K2200011;2;;DP2100043;F4E93A0;7723828581;2022-01-04T09:07:29;1
K2200029;2;;X2001305;F4E93A0;7224424177;2022-01-06T09:27:19;1
K2200041;2;;X2001305;F4E93A0;7224424177;2022-01-10T09:16:29;1
K2200050;2;;X2001305;F4E93A0;7224424177;2022-01-11T13:31:54;1
K2200092;2;;X2001305;F4E93A0;7224424177;2022-01-14T14:50:31;1
K2200093;2;;X2001305;F4E93A0;7224424177;2022-01-14T14:51:56;1
K2200094;2;;X2001305;F4E93A0;7224424177;2022-01-14T14:58:03;1
K2200095;2;;X2001305;F4E93A0;7224424177;2022-01-14T14:59:54;1
K2200096;2;;X2001305;F4E93A0;7224424177;2022-01-14T15:01:33;1
K2200100;2;;X2001305;F4E93A0;7224424177;2022-01-14T15:07:23;1
K2200097;2;;X2001305;F4E93A0;7224424177;2022-01-14T15:04:24;1
K2200099;2;;X2001305;F4E93A0;7224424177;2022-01-14T15:05:49;1
K2200160;2;;X2001305;F4E93A0;7224424177;2022-01-20T14:00:12;1
K2200171;2;;X2001305;F4E93A0;7224424177;2022-01-21T13:37:03;1
K2200175;2;;X2001305;F4E93A0;7224424177;2022-01-21T16:35:05;1
K2200182;2;;DP2100043;F4E93A0;7723828581;2022-01-24T10:14:55;1
K2200202;2;;X2001305;F4E93A0;7224424177;2022-01-25T13:46:05;1
K2200242;2;;DP2100043;F4E93A0;7723828581;2022-01-31T10:10:43;1
K2200251;2;;DP2100043;F4E93A0;7723828581;2022-02-01T10:19:45;1
K2200278;2;;X2001305;F4E93A0;7224424177;2022-02-03T13:36:05;1
K2200279;2;;X2001305;F4E93A0;7224424177;2022-02-03T13:38:10;1
K2200288;2;;X2001305;F4E93A0;7224424177;2022-02-04T13:33:40;1
K2200289;2;;X2001305;F4E93A0;7224424177;2022-02-04T13:36:03;1
K2200290;2;;X2001305;F4E93A0;7224424177;2022-02-04T13:38:02;1
K2200291;2;;X2001305;F4E93A0;7224424177;2022-02-04T13:40:20;1
K2200292;2;;X2001305;F4E93A0;7224424177;2022-02-04T14:26:48;1
K2200295;2;;X2001305;F4E93A0;7224424177;2022-02-04T16:18:27;1
K2200308;2;;X2001305;F4E93A0;7224424177;2022-02-08T10:28:33;1
K2200309;2;;X2001305;F4E93A0;7224424177;2022-02-08T10:42:46;1
K2200310;2;;X2001305;F4E93A0;7224424177;2022-02-08T10:52:56;1
K2200314;2;;X2001305;F4E93A0;7224424177;2022-02-08T14:01:45;1
K2200386;2;;X2001305;F4E93A0;7224424177;2022-02-15T10:47:00;1
K2200387;2;;X2001305;F4E93A0;7224424177;2022-02-15T10:48:57;1
K2200428;2;;X2001305;F4E93A0;7224424177;2022-02-16T13:30:41;1
K2200460;2;;DP2100043;F4E93A0;7723828581;2022-02-21T14:13:33;1
K2200461;2;;DP2100043;F4E93A0;7723828581;2022-02-21T14:19:49;1
K2200497;2;;X2001305;F4E93A0;7224424177;2022-02-23T14:03:23;1
K2200509;2;;X2001305;F4E93A0;7224424177;2022-02-24T13:28:22;1
K2200510;2;;X2001305;F4E93A0;7224424177;2022-02-24T13:30:31;1
K2200511;2;;X2001305;F4E93A0;7224424177;2022-02-24T13:33:43;1
K2200529;2;;X2001305;F4E93A0;7224424177;2022-02-25T12:15:03;1
K2200561;2;;X2001305;F4E93A0;7224424177;2022-02-28T15:31:29;1
K2200562;2;;X2001305;F4E93A0;7224424177;2022-02-28T15:34:03;1
K2200563;2;;X2001305;F4E93A0;7224424177;2022-02-28T15:36:45;1
K2200564;2;;X2001305;F4E93A0;7224424177;2022-02-28T16:14:02;1
K2200565;2;;X2001305;F4E93A0;7224424177;2022-02-28T16:16:15;1
K2200566;2;;X2001305;F4E93A0;7224424177;2022-02-28T16:18:16;1
K2200567;2;;X2001305;F4E93A0;7224424177;2022-02-28T16:20:28;1
K2200571;2;;DP2100043;F4E93A0;7723828581;2022-03-01T09:20:42;1
K2200578;2;;X2001305;F4E93A0;7224424177;2022-03-01T13:33:08;1
K2200577;2;;X2001305;F4E93A0;7224424177;2022-03-01T13:30:54;1
K2200579;2;;X2001305;F4E93A0;7224424177;2022-03-01T13:35:58;1
K2200580;2;;X2001305;F4E93A0;7224424177;2022-03-01T13:40:30;1
K2200581;2;;X2001305;F4E93A0;7224424177;2022-03-01T13:42:35;1
K2200583;2;;X2001305;F4E93A0;7224424177;2022-03-01T13:47:01;1
K2200582;2;;X2001305;F4E93A0;7224424177;2022-03-01T13:44:22;1
K2200584;2;;X2001305;F4E93A0;7224424177;2022-03-01T13:49:10;1
K2200593;2;;X2001305;F4E93A0;7224424177;2022-03-01T16:07:05;1
K2200597;2;;DP2100043;F4E93A0;7723828581;2022-03-02T08:59:30;1
K2200601;2;;X2001305;F4E93A0;7224424177;2022-03-02T13:46:16;1
K2200623;2;;X2001305;F4E93A0;7224424177;2022-03-04T10:10:24;1
K2200627;2;;X2001305;F4E93A0;7224424177;2022-03-04T13:36:56;1
K2200639;2;;X2001305;F4E93A0;7224424177;2022-03-07T11:34:02;1
K2200640;2;;X2001305;F4E93A0;7224424177;2022-03-07T13:55:43;1
K2200653;2;;X2001305;F4E93A0;7224424177;2022-03-08T09:04:31;1
K2200655;2;;DP2100043;F4E93A0;7723828581;2022-03-08T09:39:10;1
K2200666;2;;DP2100043;F4E93A0;7723828581;2022-03-08T12:02:30;1
K2200672;2;;DP2100043;F4E93A0;7723828581;2022-03-09T09:49:06;1
K2200673;2;;X2001305;F4E93A0;7224424177;2022-03-09T13:47:32;1
K2200674;2;;X2001305;F4E93A0;7224424177;2022-03-09T13:52:14;1
K2200675;2;;X2001305;F4E93A0;7224424177;2022-03-09T13:55:22;1
K2200676;2;;X2001305;F4E93A0;7224424177;2022-03-09T13:56:29;1
K2200706;2;;X2001305;F4E93A0;7224424177;2022-03-11T11:47:09;1
K2200707;2;;X2001305;F4E93A0;7224424177;2022-03-11T11:51:47;1
K2200717;2;;X2001305;F4E93A0;7224424177;2022-03-14T13:36:39;1
K2200718;2;;X2001305;F4E93A0;7224424177;2022-03-14T13:51:33;1
K2200728;2;;X2001305;F4E93A0;7224424177;2022-03-15T09:15:10;1
K2200729;2;;X2001305;F4E93A0;7224424177;2022-03-15T11:52:50;1
K2200731;2;;X2001305;F4E93A0;7224424177;2022-03-15T11:55:56;1
K2200730;2;;X2001305;F4E93A0;7224424177;2022-03-15T11:54:14;1
K2200735;2;;X2001305;F4E93A0;7224424177;2022-03-15T15:20:31;1
K2200745;2;;DP2100043;F4E93A0;7723828581;2022-03-16T13:30:58;1
K2200751;2;;X2001305;F4E93A0;7224424177;2022-03-17T08:52:40;1
K2200752;2;;X2001305;F4E93A0;7224424177;2022-03-17T08:54:37;1
K2200756;2;;DP2100043;F4E93A0;7723828581;2022-03-17T10:47:20;1
K2200759;2;;X2001305;F4E93A0;7224424177;2022-03-17T14:09:20;1
K2200767;2;;X2001305;F4E93A0;7224424177;2022-03-18T13:39:06;1
K2200765;2;;X2001305;F4E93A0;7224424177;2022-03-18T13:35:53;1
K2200766;2;;X2001305;F4E93A0;7224424177;2022-03-18T13:37:32;1
K2200776;2;;X2001305;F4E93A0;7224424177;2022-03-21T09:55:11;1
K2200804;2;;X2001305;F4E93A0;7224424177;2022-03-25T09:30:07;1
K2200805;2;;X2001305;F4E93A0;7224424177;2022-03-25T09:31:54;1
K2200807;2;;X2001305;F4E93A0;7224424177;2022-03-25T09:36:03;1
K2200806;2;;X2001305;F4E93A0;7224424177;2022-03-25T09:34:10;1
K2200820;2;;DP2100043;F4E93A0;7723828581;2022-03-28T09:35:17;1
K2200828;2;;X2001305;F4E93A0;7224424177;2022-03-28T16:44:19;1
K2200827;2;;X2001305;F4E93A0;7224424177;2022-03-28T16:41:58;1
K2200826;2;;X2001305;F4E93A0;7224424177;2022-03-28T16:39:53;1
K2200833;2;;DP2100043;F4E93A0;7723828581;2022-03-29T09:26:22;1
K2200860;2;;X2001305;F4E93A0;7224424177;2022-03-31T13:53:47;1
K2200863;2;;X2001305;F4E93A0;7224424177;2022-03-31T14:00:03;1
K2200864;2;;X2001305;F4E93A0;7224424177;2022-03-31T14:01:45;1
K2200862;2;;X2001305;F4E93A0;7224424177;2022-03-31T13:58:18;1
K2200861;2;;X2001305;F4E93A0;7224424177;2022-03-31T13:56:18;1
K2200865;2;;X2001305;F4E93A0;7224424177;2022-03-31T14:04:11;1
K2200866;2;;X2001305;F4E93A0;7224424177;2022-03-31T14:06:29;1
K2200867;2;;X2001305;F4E93A0;7224424177;2022-03-31T14:10:14;1
K2200875;2;;X2001305;F4E93A0;7224424177;2022-04-01T12:12:53;1
K2200876;2;;X2001305;F4E93A0;7224424177;2022-04-01T12:14:44;1
K2200877;2;;X2001305;F4E93A0;7224424177;2022-04-01T12:16:25;1
K2200879;2;;X2001305;F4E93A0;7224424177;2022-04-01T13:32:31;1
K2200892;2;;DP2100043;F4E93A0;7723828581;2022-04-04T11:30:56;1
K2200894;2;;X2001305;F4E93A0;7224424177;2022-04-04T13:21:31;1
K2200893;2;;X2001305;F4E93A0;7224424177;2022-04-04T13:19:53;1
K2200928;2;;DP2100043;F4E93A0;7723828581;2022-04-06T09:11:35;1
K2200942;2;;X2001305;F4E93A0;7224424177;2022-04-06T13:24:35;1
K2200956;2;;X2001305;F4E93A0;7224424177;2022-04-07T14:53:01;1
K2200955;2;;X2001305;F4E93A0;7224424177;2022-04-07T14:49:18;1
K2200957;2;;X2001305;F4E93A0;7224424177;2022-04-07T14:58:09;1
K2200963;2;;X2001305;F4E93A0;7224424177;2022-04-08T10:52:40;1
K2200964;2;;X2001305;F4E93A0;7224424177;2022-04-08T11:00:23;1
K2200977;2;;DP2100043;F4E93A0;7723828581;2022-04-11T14:52:22;1
K2200984;2;;X2001305;F4E93A0;7224424177;2022-04-12T13:43:25;1
K2200985;2;;X2001305;F4E93A0;7224424177;2022-04-12T13:45:54;1
K2200986;2;;X2001305;F4E93A0;7224424177;2022-04-12T13:49:08;1
K2200987;2;;X2001305;F4E93A0;7224424177;2022-04-12T13:53:04;1
K2201002;2;;DP2100043;F4E93A0;7723828581;2022-04-13T15:22:58;1
K2201003;2;;DP2100043;F4E93A0;7723828581;2022-04-13T15:24:38;1
K2201004;2;;DP2100043;F4E93A0;7723828581;2022-04-13T15:25:49;1
K2201006;2;;X2001305;F4E93A0;7224424177;2022-04-14T09:12:27;1
K2201007;2;;X2001305;F4E93A0;7224424177;2022-04-14T09:14:05;1
K2201017;2;;X2001305;F4E93A0;7224424177;2022-04-14T13:14:14;1
K2201032;2;;X2001305;F4E93A0;7224424177;2022-04-15T15:06:37;1
K2201033;2;;X2001305;F4E93A0;7224424177;2022-04-15T15:10:39;1
K2201042;2;;X2001305;F4E93A0;7224424177;2022-04-20T10:29:27;1
K2201047;2;;DP2100043;F4E93A0;7723828581;2022-04-20T15:42:29;1
K2201048;2;;DP2100043;F4E93A0;7723828581;2022-04-20T15:44:26;1
K2201067;2;;X2001305;F4E93A0;7224424177;2022-04-22T11:17:32;1
K2201068;2;;X2001305;F4E93A0;7224424177;2022-04-22T11:22:48;1
K2201069;2;;X2001305;F4E93A0;7224424177;2022-04-22T11:26:25;1
K2201072;2;;X2001305;F4E93A0;7224424177;2022-04-22T13:35:51;1
K2201073;2;;X2001305;F4E93A0;7224424177;2022-04-22T13:41:16;1
K2201074;2;;X2001305;F4E93A0;7224424177;2022-04-22T13:45:30;1
K2201075;2;;X2001305;F4E93A0;7224424177;2022-04-22T13:50:42;1
K2201077;2;;X2001305;F4E93A0;7224424177;2022-04-22T14:00:23;1
K2201078;2;;X2001305;F4E93A0;7224424177;2022-04-22T14:09:13;1
K2201101;2;;X2001305;F4E93A0;7224424177;2022-04-26T14:57:57;1
K2201122;2;;DP2100043;F4E93A0;7723828581;2022-04-28T09:46:48;1
K2201132;2;;DP2100043;F4E93A0;7723828581;2022-04-29T08:56:48;1
K2201139;2;;X2001305;F4E93A0;7224424177;2022-04-29T13:35:12;1
K2201141;2;;X2001305;F4E93A0;7224424177;2022-04-29T13:39:14;1
K2201140;2;;X2001305;F4E93A0;7224424177;2022-04-29T13:37:19;1
K2201142;2;;X2001305;F4E93A0;7224424177;2022-04-29T13:41:42;1
K2201143;2;;X2001305;F4E93A0;7224424177;2022-04-29T13:52:31;1
K2201144;2;;X2001305;F4E93A0;7224424177;2022-04-29T13:55:46;1
K2201153;2;;X2001305;F4E93A0;7224424177;2022-05-02T14:13:08;1
K2201152;2;;X2001305;F4E93A0;7224424177;2022-05-02T14:09:16;1
K2201154;2;;X2001305;F4E93A0;7224424177;2022-05-02T14:15:27;1
K2201155;2;;X2001305;F4E93A0;7224424177;2022-05-02T14:19:20;1
K2201156;2;;X2001305;F4E93A0;7224424177;2022-05-02T14:38:27;1
K2201157;2;;X2001305;F4E93A0;7224424177;2022-05-02T14:40:48;1
K2201158;2;;X2001305;F4E93A0;7224424177;2022-05-02T14:42:28;1
K2201165;2;;DP2200022;F4E93A0;7224424177;2022-05-03T15:12:39;1
K2201173;2;;X2001305;F4E93A0;7224424177;2022-05-04T13:52:49;1
K2201175;2;;X2001305;F4E93A0;7224424177;2022-05-04T13:58:14;1
K2201174;2;;X2001305;F4E93A0;7224424177;2022-05-04T13:55:25;1
K2201177;2;;X2001305;F4E93A0;7224424177;2022-05-04T14:03:41;1
K2201215;2;;X2001305;F4E93A0;7224424177;2022-05-09T15:24:27;1
K2201214;2;;X2001305;F4E93A0;7224424177;2022-05-09T15:22:46;1
K2201216;2;;X2001305;F4E93A0;7224424177;2022-05-09T15:26:07;1
K2201226;2;;DP2100043;F4E93A0;7723828581;2022-05-10T13:49:59;1
K2201228;2;;X2001305;F4E93A0;7224424177;2022-05-10T15:20:52;1
K2201230;2;;X2001305;F4E93A0;7224424177;2022-05-10T15:42:35;1
K2201231;2;;X2001305;F4E93A0;7224424177;2022-05-10T15:45:16;1
K2201239;2;;DP2100043;F4E93A0;7723828581;2022-05-11T08:22:22;1
K2201242;2;;DP2100043;F4E93A0;7723828581;2022-05-11T08:23:10;1
K2201238;2;;DP2100043;F4E93A0;7723828581;2022-05-11T08:22:01;1
K2201243;2;;DP2100043;F4E93A0;7723828581;2022-05-11T08:23:29;1
K2201237;2;;DP2100043;F4E93A0;7723828581;2022-05-11T08:21:43;1
K2201240;2;;DP2100043;F4E93A0;7723828581;2022-05-11T08:22:39;1
K2201236;2;;DP2100043;F4E93A0;7723828581;2022-05-11T08:21:24;1
K2201241;2;;DP2100043;F4E93A0;7723828581;2022-05-11T08:22:55;1
K2201250;2;;X2001305;F4E93A0;7224424177;2022-05-11T13:53:41;1
K2201252;2;;X2001305;F4E93A0;7224424177;2022-05-11T13:56:49;1
K2201251;2;;X2001305;F4E93A0;7224424177;2022-05-11T13:55:18;1
K2201267;2;;DP2100043;F4E93A0;7723828581;2022-05-12T14:00:50;1
K2201283;2;;DP2100043;F4E93A0;7723828581;2022-05-16T09:00:59;1
K2201315;2;;X2001305;F4E93A0;7224424177;2022-05-18T14:21:06;1
K2201317;2;;X2001305;F4E93A0;7224424177;2022-05-18T14:26:53;1
K2201316;2;;X2001305;F4E93A0;7224424177;2022-05-18T14:24:51;1
K2201318;2;;X2001305;F4E93A0;7224424177;2022-05-18T14:29:16;1
K2201322;2;;X2001305;F4E93A0;7224424177;2022-05-18T14:37:44;1
K2201320;2;;X2001305;F4E93A0;7224424177;2022-05-18T14:34:35;1
K2201358;2;;X2001305;F4E93A0;7224424177;2022-05-23T13:31:44;1
K2201359;2;;X2001305;F4E93A0;7224424177;2022-05-23T13:33:35;1
K2201360;2;;X2001305;F4E93A0;7224424177;2022-05-23T13:35:11;1
K2201361;2;;X2001305;F4E93A0;7224424177;2022-05-23T13:36:59;1
K2201362;2;;X2001305;F4E93A0;7224424177;2022-05-23T13:39:18;1
K2201371;2;;X2001305;F4E93A0;7224424177;2022-05-24T09:11:53;1
K2201384;2;;DP2100043;F4E93A0;7723828581;2022-05-25T08:52:02;1
K2201387;2;;X2001305;F4E93A0;7224424177;2022-05-25T16:25:08;1
K2201397;2;;DP2100043;F4E93A0;7723828581;2022-05-30T09:22:29;1
K2201408;2;;X2001305;F4E93A0;7224424177;2022-05-31T13:59:17;1
K2201409;2;;X2001305;F4E93A0;7224424177;2022-05-31T14:00:07;1
K2201410;2;;X2001305;F4E93A0;7224424177;2022-05-31T14:02:06;1
K2201424;2;;X2001305;F4E93A0;7224424177;2022-06-01T14:15:34;1
K2201425;2;;X2001305;F4E93A0;7224424177;2022-06-01T14:18:49;1
K2201426;2;;X2001305;F4E93A0;7224424177;2022-06-01T14:22:51;1
K2201428;2;;X2001305;F4E93A0;7224424177;2022-06-01T14:38:32;1
K2201429;2;;X2001305;F4E93A0;7224424177;2022-06-01T14:41:15;1
K2201432;2;;DP2100043;F4E93A0;7723828581;2022-06-01T15:52:23;1
K2201440;2;;X2001305;F4E93A0;7224424177;2022-06-02T13:27:44;1
K2201441;2;;X2001305;F4E93A0;7224424177;2022-06-02T13:37:45;1
K2201442;2;;X2001305;F4E93A0;7224424177;2022-06-02T13:57:30;1
K2201458;2;;X2001305;F4E93A0;7224424177;2022-06-03T14:01:15;1
K2201459;2;;X2001305;F4E93A0;7224424177;2022-06-03T14:04:06;1
K2201460;2;;X2001305;F4E93A0;7224424177;2022-06-03T14:11:57;1
K2201461;2;;X2001305;F4E93A0;7224424177;2022-06-03T14:14:49;1
K2201485;2;;X2001305;F4E93A0;7224424177;2022-06-07T15:36:10;1
K2201487;2;;DP2100043;F4E93A0;7723828581;2022-06-07T16:48:44;1
K2201490;2;;DP2100043;F4E93A0;7723828581;2022-06-08T09:47:16;1
K2201495;2;;X2001305;F4E93A0;7224424177;2022-06-08T13:45:26;1
K2201503;2;;DP2100043;F4E93A0;7723828581;2022-06-08T15:43:38;1
K2201504;2;;DP2100043;F4E93A0;7723828581;2022-06-08T16:00:07;1
K2201529;2;;DP2100043;F4E93A0;7723828581;2022-06-13T09:56:35;1
K2201538;2;;X2001305;F4E93A0;7224424177;2022-06-13T16:57:20;1
K2201553;2;;X2001305;F4E93A0;7224424177;2022-06-14T15:28:37;1
K2201554;2;;X2001305;F4E93A0;7224424177;2022-06-14T15:31:27;1
K2201571;2;;X2001305;F4E93A0;7224424177;2022-06-16T15:28:19;1
K2201628;2;;DP2100058;F4E93A0;7723828581;2022-06-22T13:35:35;1
K2201663;2;;DP2100043;F4E93A0;7723828581;2022-06-24T11:45:04;1
K2201669;2;;X2001305;F4E93A0;7224424177;2022-06-27T09:10:31;1
K2201670;2;;DP2100043;F4E93A0;7723828581;2022-06-27T09:52:50;1
K2201690;2;;X2001305;F4E93A0;7224424177;2022-06-29T09:06:40;1
K2201698;2;;X2001305;F4E93A0;7224424177;2022-06-30T10:08:02;1
K2201726;2;;X2001305;F4E93A0;7224424177;2022-07-01T09:41:22;1
K2201728;2;;X2001305;F4E93A0;7224424177;2022-07-01T10:29:34;1
K2201734;2;;DP2100043;F4E93A0;7723828581;2022-07-01T16:36:47;1
K2201746;2;;X2001305;F4E93A0;7224424177;2022-07-04T09:48:00;1
K2201754;2;;DP2100043;F4E93A0;7723828581;2022-07-04T12:05:09;1
K2201770;2;;X2001305;F4E93A0;7224424177;2022-07-05T09:07:23;1
K2201785;2;;X2001305;F4E93A0;7224424177;2022-07-06T09:29:55;1
K2201792;2;;X2001305;F4E93A0;7224424177;2022-07-07T09:14:28;1
K2201798;2;;X2001305;F4E93A0;7224424177;2022-07-08T09:48:41;1
K2201811;2;;X2001305;F4E93A0;7224424177;2022-07-11T09:28:15;1
K2201822;2;;DP2100043;F4E93A0;7723828581;2022-07-11T16:58:18;1
K2201835;2;;X2001305;F4E93A0;7224424177;2022-07-13T09:54:57;1
K2201849;2;;X2001305;F4E93A0;7224424177;2022-07-18T09:48:36;1
K2201861;2;;X2001305;F4E93A0;7224424177;2022-07-19T09:32:12;1
K2201876;2;;X2001305;F4E93A0;7224424177;2022-07-21T10:52:29;1
K2201894;2;;X2001305;F4E93A0;7224424177;2022-07-25T09:18:56;1
K2201912;2;;X2001305;F4E93A0;7224424177;2022-07-26T15:32:33;1
K2201913;2;;X2001305;F4E93A0;7224424177;2022-07-26T15:38:38;1
K2201914;2;;X2001305;F4E93A0;7224424177;2022-07-26T15:45:06;1
K2201942;2;;X2001305;F4E93A0;7224424177;2022-07-29T09:17:59;1
K2201943;2;;X2001305;F4E93A0;7224424177;2022-07-29T09:30:25;1
K2201945;2;;X2001305;F4E93A0;7224424177;2022-07-29T09:33:58;1
K2201947;2;;X2001305;F4E93A0;7224424177;2022-07-29T09:40:10;1
K2201948;2;;X2001305;F4E93A0;7224424177;2022-07-29T09:43:55;1
K2202018;2;;X2001305;F4E93A0;7224424177;2022-08-03T13:40:58;1
K2202061;2;;X2001305;F4E93A0;7224424177;2022-08-05T09:46:59;1
K2202077;2;;X2001305;F4E93A0;7224424177;2022-08-08T09:13:41;1
K2202078;2;;X2001305;F4E93A0;7224424177;2022-08-08T09:16:11;1
K2202079;2;;X2001305;F4E93A0;7224424177;2022-08-08T09:18:16;1
K2202080;2;;X2001305;F4E93A0;7224424177;2022-08-08T09:20:32;1
K2202082;2;;X2001305;F4E93A0;7224424177;2022-08-08T09:23:37;1
K2202109;2;;X2001305;F4E93A0;7224424177;2022-08-09T09:28:53;1
K2202110;2;;X2001305;F4E93A0;7224424177;2022-08-09T09:32:57;1
K2202111;2;;X2001305;F4E93A0;7224424177;2022-08-09T09:35:07;1
K2202131;2;;X2001305;F4E93A0;7224424177;2022-08-10T09:12:25;1
K2202132;2;;X2001305;F4E93A0;7224424177;2022-08-10T09:16:01;1
K2202141;2;;X2001305;F4E93A0;7224424177;2022-08-11T08:40:22;1
K2202142;2;;X2001305;F4E93A0;7224424177;2022-08-11T08:42:28;1
K2202143;2;;X2001305;F4E93A0;7224424177;2022-08-11T08:44:33;1
K2202144;2;;X2001305;F4E93A0;7224424177;2022-08-11T08:46:25;1
K2202156;2;;X2001305;F4E93A0;7224424177;2022-08-12T12:29:07;1
K2202175;2;;X2001305;F4E93A0;7224424177;2022-08-17T09:05:18;1
K2202176;2;;X2001305;F4E93A0;7224424177;2022-08-17T09:08:52;1
K2202177;2;;X2001305;F4E93A0;7224424177;2022-08-17T09:10:45;1
K2202184;2;;X2001305;F4E93A0;7224424177;2022-08-18T09:53:32;1
K2202192;2;;X2001305;F4E93A0;7224424177;2022-08-19T09:23:28;1
K2202193;2;;X2001305;F4E93A0;7224424177;2022-08-19T09:25:49;1
K2202194;2;;X2001305;F4E93A0;7224424177;2022-08-19T09:28:09;1
K2202195;2;;X2001305;F4E93A0;7224424177;2022-08-19T09:30:00;1
K2202197;2;;X2001305;F4E93A0;7224424177;2022-08-19T11:08:06;1
K2202198;2;;X2001305;F4E93A0;7224424177;2022-08-19T11:12:06;1
K2202226;2;;X2001305;F4E93A0;7224424177;2022-08-24T11:19:08;1
K2202227;2;;X2001305;F4E93A0;7224424177;2022-08-24T11:39:28;1
K2202267;2;;X2001305;F4E93A0;7224424177;2022-08-25T10:22:06;1
K2202268;2;;X2001305;F4E93A0;7224424177;2022-08-25T10:25:59;1
K2202275;2;;X2001305;F4E93A0;7224424177;2022-08-26T11:03:52;1
K2202274;2;;X2001305;F4E93A0;7224424177;2022-08-26T11:00:18;1
K2202301;2;;X2001305;F4E93A0;7224424177;2022-08-30T10:38:10;1
K2202312;2;;X2001305;F4E93A0;7224424177;2022-08-31T09:08:33;1
K2202313;2;;X2001305;F4E93A0;7224424177;2022-08-31T09:11:00;1
K2202320;2;;DP2100043;F4E93A0;7723828581;2022-08-31T14:06:08;1
K2202321;2;;X2001305;F4E93A0;7224424177;2022-08-31T14:14:26;1
K2202322;2;;X2001305;F4E93A0;7224424177;2022-08-31T14:17:19;1
K2202323;2;;X2001305;F4E93A0;7224424177;2022-08-31T14:19:22;1
K2202324;2;;X2001305;F4E93A0;7224424177;2022-08-31T14:22:31;1
K2202344;2;;X2001305;F4E93A0;7224424177;2022-09-02T08:57:56;1
K2202343;2;;X2001305;F4E93A0;7224424177;2022-09-02T08:56:17;1
K2202345;2;;X2001305;F4E93A0;7224424177;2022-09-02T09:03:29;1
K2202346;2;;X2001305;F4E93A0;7224424177;2022-09-02T10:20:36;1
K2202370;2;;X2001305;F4E93A0;7224424177;2022-09-05T09:28:25;1
K2202372;2;;X2001305;F4E93A0;7224424177;2022-09-05T09:33:14;1
K2202371;2;;X2001305;F4E93A0;7224424177;2022-09-05T09:31:18;1
K2202373;2;;X2001305;F4E93A0;7224424177;2022-09-05T09:41:51;1
K2202389;3;;DP2100058;F4E93A0;7723828581;2022-09-06T09:26:16;1
K2202407;2;;DP2100043;F4E93A0;7723828581;2022-09-07T09:23:43;1
K2202410;2;;X2001305;F4E93A0;7224424177;2022-09-07T09:28:17;1
K2202408;2;;X2001305;F4E93A0;7224424177;2022-09-07T09:25:40;1
K2202412;2;;X2001305;F4E93A0;7224424177;2022-09-07T09:33:38;1
K2202411;2;;X2001305;F4E93A0;7224424177;2022-09-07T09:30:43;1
K2202413;2;;X2001305;F4E93A0;7224424177;2022-09-07T09:34:56;1
K2202415;2;;X2001305;F4E93A0;7224424177;2022-09-07T09:38:08;1
K2202416;2;;X2001305;F4E93A0;7224424177;2022-09-07T09:39:53;1
K2202435;2;;X2001305;F4E93A0;7224424177;2022-09-08T09:59:13;1
K2202436;2;;X2001305;F4E93A0;7224424177;2022-09-08T10:00:32;1
K2202437;2;;X2001305;F4E93A0;7224424177;2022-09-08T10:03:06;1
K2202438;2;;X2001305;F4E93A0;7224424177;2022-09-08T10:05:28;1
K2202439;2;;X2001305;F4E93A0;7224424177;2022-09-08T10:06:43;1
K2202441;2;;X2001305;F4E93A0;7224424177;2022-09-08T10:09:54;1
K2202442;2;;DP2100043;F4E93A0;7723828581;2022-09-08T11:10:32;1
K2202468;2;;X2001305;F4E93A0;7224424177;2022-09-09T10:01:38;1
K2202469;2;;X2001305;F4E93A0;7224424177;2022-09-09T10:03:55;1
K2202471;2;;X2001305;F4E93A0;7224424177;2022-09-09T10:12:41;1
K2202473;2;;X2001305;F4E93A0;7224424177;2022-09-09T10:14:33;1
K2202485;2;;X2001305;F4E93A0;7224424177;2022-09-12T09:57:58;1
K2202487;2;;X2001305;F4E93A0;7224424177;2022-09-12T10:01:59;1
K2202503;2;;X2001305;F4E93A0;7224424177;2022-09-13T09:50:34;1
K2202504;2;;X2001305;F4E93A0;7224424177;2022-09-13T09:52:30;1
K2202506;2;;X2001305;F4E93A0;7224424177;2022-09-13T09:54:42;1
K2202523;2;;X2001305;F4E93A0;7224424177;2022-09-14T08:58:44;1
K2202528;2;;DP2100043;F4E93A0;7723828581;2022-09-14T14:04:58;1
K2202535;2;;X2001305;F4E93A0;7224424177;2022-09-15T09:28:08;1
K2202555;2;;X2001305;F4E93A0;7224424177;2022-09-16T13:49:59;1
K2202570;2;;X2001305;F4E93A0;7224424177;2022-09-19T10:13:21;1
K2202572;2;;X2001305;F4E93A0;7224424177;2022-09-19T10:17:00;1
K2202571;2;;X2001305;F4E93A0;7224424177;2022-09-19T10:15:04;1
K2202573;2;;X2001305;F4E93A0;7224424177;2022-09-19T10:18:44;1
K2202575;2;;X2001305;F4E93A0;7224424177;2022-09-19T10:22:08;1
K2202574;2;;X2001305;F4E93A0;7224424177;2022-09-19T10:20:26;1
K2202576;2;;X2001305;F4E93A0;7224424177;2022-09-19T10:23:46;1
K2202578;2;;X2001305;F4E93A0;7224424177;2022-09-19T10:27:55;1
K2202577;2;;X2001305;F4E93A0;7224424177;2022-09-19T10:26:15;1
K2202582;2;;X2001305;F4E93A0;7224424177;2022-09-19T10:32:15;1
K2202580;2;;X2001305;F4E93A0;7224424177;2022-09-19T10:30:28;1
K2202585;2;;X2001305;F4E93A0;7224424177;2022-09-19T10:35:46;1
K2202583;2;;X2001305;F4E93A0;7224424177;2022-09-19T10:34:09;1
K2202618;2;;X2001305;F4E93A0;7224424177;2022-09-20T09:07:41;1
K2202621;2;;DP2100043;F4E93A0;7723828581;2022-09-20T10:10:14;1
K2202629;2;;X2001305;F4E93A0;7224424177;2022-09-20T13:58:39;1
K2202642;2;;DP2100043;F4E93A0;7723828581;2022-09-21T15:18:28;1
K2202663;2;;X2001305;F4E93A0;7224424177;2022-09-22T14:12:51;1
K2202672;2;;X2001305;F4E93A0;7224424177;2022-09-23T09:13:38;1
K2202673;2;;X2001305;F4E93A0;7224424177;2022-09-23T09:16:38;1
K2202674;2;;X2001305;F4E93A0;7224424177;2022-09-23T09:20:11;1
K2202675;2;;X2001305;F4E93A0;7224424177;2022-09-23T09:24:52;1
K2202716;2;;X2001305;F4E93A0;7224424177;2022-09-27T13:43:13;1
K2202740;2;;X2001305;F4E93A0;7224424177;2022-09-29T09:43:55;1
K2202762;2;;X2001305;F4E93A0;7224424177;2022-09-30T09:13:30;1
K2202763;2;;X2001305;F4E93A0;7224424177;2022-09-30T09:15:28;1
K2202764;2;;X2001305;F4E93A0;7224424177;2022-09-30T09:17:23;1
K2202767;2;;DP2100043;F4E93A0;7723828581;2022-09-30T10:10:35;1
K2202774;2;;DP2100058;F4E93A0;7723828581;2022-10-03T09:01:28;1
K2202773;2;;DP2100058;F4E93A0;7723828581;2022-10-03T09:01:05;1
K2202778;2;;DP2100058;F4E93A0;7723828581;2022-10-03T09:06:07;1
K2202777;2;;DP2100058;F4E93A0;7723828581;2022-10-03T09:05:51;1
K2202779;2;;DP2100043;F4E93A0;7723828581;2022-10-03T09:09:31;1
K2202780;2;;X2001305;F4E93A0;7224424177;2022-10-03T09:26:37;1
K2202793;2;;X2001305;F4E93A0;7224424177;2022-10-04T10:09:09;1
K2202822;2;;X2001305;F4E93A0;7224424177;2022-10-05T13:45:10;1
K2202823;2;;X2001305;F4E93A0;7224424177;2022-10-05T13:47:13;1
K2202849;2;;X2001305;F4E93A0;7224424177;2022-10-06T13:50:23;1
K2202861;2;;X2001305;F4E93A0;7224424177;2022-10-07T09:17:07;1
K2202862;2;;X2001305;F4E93A0;7224424177;2022-10-07T09:19:48;1
K2202863;2;;X2001305;F4E93A0;7224424177;2022-10-07T09:22:41;1
K2202864;2;;X2001305;F4E93A0;7224424177;2022-10-07T09:27:47;1
K2202865;2;;X2001305;F4E93A0;7224424177;2022-10-07T09:31:38;1
K2202878;2;;X2001305;F4E93A0;7224424177;2022-10-10T09:11:59;1
K2202879;2;;X2001305;F4E93A0;7224424177;2022-10-10T09:16:46;1
K2202880;2;;X2001305;F4E93A0;7224424177;2022-10-10T09:20:26;1
K2202892;2;;DP2100043;F4E93A0;7723828581;2022-10-11T09:28:47;1
K2202957;2;;DP2100058;F4E93A0;7723828581;2022-10-13T09:15:19;1
K2202956;2;;DP2100058;F4E93A0;7723828581;2022-10-13T09:15:04;1
K2202959;2;;DP2100043;F4E93A0;7723828581;2022-10-13T09:15:58;1
K2202955;2;;DP2100058;F4E93A0;7723828581;2022-10-13T09:14:45;1
K2202958;2;;DP2100043;F4E93A0;7723828581;2022-10-13T09:15:53;1
K2202961;2;;X2001305;F4E93A0;7224424177;2022-10-13T09:52:51;1
K2202982;2;;X2001305;F4E93A0;7224424177;2022-10-14T09:04:17;1
K2202983;2;;X2001305;F4E93A0;7224424177;2022-10-14T09:06:54;1
K2202984;2;;X2001305;F4E93A0;7224424177;2022-10-14T09:10:51;1
K2202992;2;;X2001305;F4E93A0;7224424177;2022-10-17T09:50:26;1
K2202993;2;;X2001305;F4E93A0;7224424177;2022-10-17T09:52:29;1
K2202994;2;;X2001305;F4E93A0;7224424177;2022-10-17T09:55:08;1
K2203005;2;;DP2100058;F4E93A0;7723828581;2022-10-18T09:13:59;1
K2203006;2;;X2001305;F4E93A0;7224424177;2022-10-18T09:37:22;1
K2203007;2;;X2001305;F4E93A0;7224424177;2022-10-18T09:41:00;1
K2203008;2;;X2001305;F4E93A0;7224424177;2022-10-18T09:43:51;1
K2203009;2;;X2001305;F4E93A0;7224424177;2022-10-18T09:46:42;1
K2203010;2;;X2001305;F4E93A0;7224424177;2022-10-18T09:49:58;1
K2203011;2;;X2001305;F4E93A0;7224424177;2022-10-18T09:52:07;1
K2203012;2;;X2001305;F4E93A0;7224424177;2022-10-18T09:55:46;1
K2203013;2;;X2001305;F4E93A0;7224424177;2022-10-18T09:58:28;1
K2203033;2;;X2001305;F4E93A0;7224424177;2022-10-19T14:17:49;1
K2203034;2;;X2001305;F4E93A0;7224424177;2022-10-19T14:20:15;1
K2203035;2;;X2001305;F4E93A0;7224424177;2022-10-19T14:22:46;1
K2203036;2;;X2001305;F4E93A0;7224424177;2022-10-19T14:24:41;1
K2203037;2;;X2001305;F4E93A0;7224424177;2022-10-19T14:27:29;1
K2203044;2;;X2001305;F4E93A0;7224424177;2022-10-20T09:37:54;1
K2203047;2;;DP2100043;F4E93A0;7723828581;2022-10-20T10:03:05;1
K2203060;2;;X2001305;F4E93A0;7224424177;2022-10-21T11:53:54;1
K2203061;2;;X2001305;F4E93A0;7224424177;2022-10-21T11:56:18;1
K2203062;2;;X2001305;F4E93A0;7224424177;2022-10-21T11:58:07;1
K2203085;2;;X2001305;F4E93A0;7224424177;2022-10-25T11:07:29;1
K2203086;2;;X2001305;F4E93A0;7224424177;2022-10-25T11:09:55;1
K2203087;2;;X2001305;F4E93A0;7224424177;2022-10-25T11:11:46;1
K2203112;2;;DP2100043;F4E93A0;7723828581;2022-10-27T13:42:22;1
K2203118;2;;X2001305;F4E93A0;7224424177;2022-10-28T08:46:27;1
K2203119;2;;X2001305;F4E93A0;7224424177;2022-10-28T08:48:25;1
K2203117;2;;X2001305;F4E93A0;7224424177;2022-10-28T08:44:11;1
K2203125;2;;DP2100043;F4E93A0;7723828581;2022-10-28T10:12:21;1
K2203124;2;;DP2100043;F4E93A0;7723828581;2022-10-28T10:11:59;1
K2203126;2;;DP2100043;F4E93A0;7723828581;2022-10-28T10:12:38;1
K2203146;2;;X2001305;F4E93A0;7224424177;2022-10-31T09:42:55;1
K2203159;2;;DP2100043;F4E93A0;7723828581;2022-10-31T12:04:25;1
K2203175;2;;DP2100043;F4E93A0;7723828581;2022-11-04T09:00:34;1
K2203179;2;;X2001305;F4E93A0;7224424177;2022-11-04T13:41:56;1
K2203185;2;;DP2100043;F4E93A0;7723828581;2022-11-08T09:23:14;1
K2203186;2;;DP2100043;F4E93A0;7723828581;2022-11-08T09:24:07;1
K2203188;2;;DP2100043;F4E93A0;7723828581;2022-11-08T09:24:41;1
K2203187;2;;DP2100043;F4E93A0;7723828581;2022-11-08T09:24:25;1
K2203196;2;;X2001305;F4E93A0;7224424177;2022-11-08T10:11:56;1
K2203197;2;;X2001305;F4E93A0;7224424177;2022-11-08T10:12:13;1
K2203199;2;;X2001305;F4E93A0;7224424177;2022-11-08T10:17:55;1
K2203198;2;;X2001305;F4E93A0;7224424177;2022-11-08T10:15:02;1
K2203200;2;;DP2100043;F4E93A0;7723828581;2022-11-08T10:19:58;1
K2203201;2;;DP2100043;F4E93A0;7723828581;2022-11-08T10:20:31;1
K2203230;2;;X2001305;F4E93A0;7224424177;2022-11-09T09:46:44;1
K2203231;2;;X2001305;F4E93A0;7224424177;2022-11-09T09:50:05;1
K2203232;2;;X2001305;F4E93A0;7224424177;2022-11-09T09:58:28;1
K2203233;2;;X2001305;F4E93A0;7224424177;2022-11-09T10:02:18;1
K2203239;2;;X2001305;F4E93A0;7224424177;2022-11-09T13:38:43;1
K2203237;2;;X2001305;F4E93A0;7224424177;2022-11-09T13:34:35;1
K2203238;2;;X2001305;F4E93A0;7224424177;2022-11-09T13:36:53;1
K2203246;2;;X2001305;F4E93A0;7224424177;2022-11-10T09:16:49;1
K2203247;2;;X2001305;F4E93A0;7224424177;2022-11-10T09:19:47;1
K2203251;2;;X2001305;F4E93A0;7224424177;2022-11-10T09:35:30;1
K2203280;2;;X2001305;F4E93A0;7224424177;2022-11-15T13:19:37;1
K2203281;2;;X2001305;F4E93A0;7224424177;2022-11-15T13:22:15;1
K2203294;2;;DP2100058;F4E93A0;7723828581;2022-11-16T09:28:50;1
K2203297;2;;X2001305;F4E93A0;7224424177;2022-11-16T09:40:48;1
K2203298;2;;X2001305;F4E93A0;7224424177;2022-11-16T09:43:19;1
K2203299;2;;X2001305;F4E93A0;7224424177;2022-11-16T09:47:06;1
K2203308;2;;X2001305;F4E93A0;7224424177;2022-11-17T09:49:13;1
K2203309;2;;X2001305;F4E93A0;7224424177;2022-11-17T09:52:31;1
K2203315;2;;DP2100043;F4E93A0;7723828581;2022-11-17T13:57:34;1
K2203362;2;;X2001305;F4E93A0;7224424177;2022-11-22T12:07:37;1
K2203365;2;;X2001305;F4E93A0;7224424177;2022-11-22T12:13:10;1
K2203364;2;;X2001305;F4E93A0;7224424177;2022-11-22T12:10:00;1
K2203367;2;;X2001305;F4E93A0;7224424177;2022-11-22T13:40:36;1
K2203381;2;;DP2100043;F4E93A0;7723828581;2022-11-23T15:10:13;1
K2203382;2;;DP2100043;F4E93A0;7723828581;2022-11-23T15:10:33;1
K2203392;2;;X2001305;F4E93A0;7224424177;2022-11-25T09:18:05;1
K2203411;2;;X2001305;F4E93A0;7224424177;2022-11-28T13:37:37;1
K2203413;2;;DP2100043;F4E93A0;7723828581;2022-11-28T13:46:27;1
K2203412;2;;DP2100043;F4E93A0;7723828581;2022-11-28T13:46:11;1
K2203419;2;;X2001305;F4E93A0;7224424177;2022-11-29T14:14:38;1
K2203422;2;;DP2100043;F4E93A0;7723828581;2022-11-30T08:57:54;1
K2203432;2;;X2001305;F4E93A0;7224424177;2022-11-30T15:22:08;1
K2203433;2;;X2001305;F4E93A0;7224424177;2022-11-30T15:24:10;1
K2203434;2;;X2001305;F4E93A0;7224424177;2022-11-30T15:25:56;1
K2203436;2;;X2001305;F4E93A0;7224424177;2022-11-30T15:33:00;1
K2203435;2;;X2001305;F4E93A0;7224424177;2022-11-30T15:30:29;1
K2203437;2;;X2001305;F4E93A0;7224424177;2022-11-30T15:35:07;1
K2203451;2;;X2001305;F4E93A0;7224424177;2022-12-02T08:54:24;1
K2203457;2;;X2001305;F4E93A0;7224424177;2022-12-05T09:07:42;1
K2203459;2;;X2001305;F4E93A0;7224424177;2022-12-05T09:12:22;1
K2203458;2;;X2001305;F4E93A0;7224424177;2022-12-05T09:09:55;1
K2203461;2;;DP2100043;F4E93A0;7723828581;2022-12-05T09:27:03;1
K2203463;2;;DP2100043;F4E93A0;7723828581;2022-12-05T09:33:45;1
K2203487;2;;DP2100043;F4E93A0;7723828581;2022-12-06T09:08:53;1
K2203488;2;;X2001305;F4E93A0;7224424177;2022-12-06T09:26:12;1
K2203504;2;;X2001305;F4E93A0;7224424177;2022-12-07T09:27:13;1
K2203505;2;;X2001305;F4E93A0;7224424177;2022-12-07T09:29:32;1
K2203506;2;;X2001305;F4E93A0;7224424177;2022-12-07T09:33:12;1
K2203569;2;;X2001305;F4E93A0;7224424177;2022-12-09T13:58:33;1
K2203568;2;;X2001305;F4E93A0;7224424177;2022-12-09T13:56:30;1
K2203576;2;;DP2100058;F4E93A0;7723828581;2022-12-12T09:23:35;1
K2203612;2;;X2001305;F4E93A0;7224424177;2022-12-14T13:44:19;1
K2203613;2;;X2001305;F4E93A0;7224424177;2022-12-14T13:47:11;1
K2203643;2;;X2001305;F4E93A0;7224424177;2022-12-15T14:07:28;1
K2203645;2;;X2001305;F4E93A0;7224424177;2022-12-15T14:14:39;1
K2203674;2;;X2001305;F4E93A0;7224424177;2022-12-21T08:58:28;1
K2203675;2;;X2001305;F4E93A0;7224424177;2022-12-21T09:01:25;1
K2203676;2;;X2001305;F4E93A0;7224424177;2022-12-21T09:04:12;1
K2203678;2;;X2001305;F4E93A0;7224424177;2022-12-21T09:08:58;1
K2203677;2;;X2001305;F4E93A0;7224424177;2022-12-21T09:06:06;1
K2203679;2;;X2001305;F4E93A0;7224424177;2022-12-21T09:12:43;1
K2203706;2;;DP2100043;F4E93A0;7723828581;2022-12-22T14:47:22;1
K2203760;2;;X2001305;F4E93A0;7224424177;2022-12-30T12:22:50;1
K2300027;2;;DP2100043;F4E93A0;7723828581;2023-01-05T09:20:33;1
K2300029;2;;DP2100043;F4E93A0;7723828581;2023-01-05T09:21:06;1
K2300026;2;;DP2100043;F4E93A0;7723828581;2023-01-05T09:20:08;1
K2300030;2;;DP2100043;F4E93A0;7723828581;2023-01-05T09:21:34;1
K2300028;2;;DP2100043;F4E93A0;7723828581;2023-01-05T09:20:51;1
K2300068;2;;DP2100043;F4E93A0;7723828581;2023-01-09T13:41:43;1
K2300073;2;;DP2100043;F4E93A0;7723828581;2023-01-09T13:43:47;1
K2300072;2;;DP2100043;F4E93A0;7723828581;2023-01-09T13:43:27;1
K2300069;2;;DP2100043;F4E93A0;7723828581;2023-01-09T13:42:25;1
K2300067;2;;DP2100043;F4E93A0;7723828581;2023-01-09T13:41:19;1
K2300071;2;;DP2100043;F4E93A0;7723828581;2023-01-09T13:43:07;1
K2300070;2;;DP2100043;F4E93A0;7723828581;2023-01-09T13:42:48;1
K2300074;2;;DP2100043;F4E93A0;7723828581;2023-01-09T13:45:33;1
K2300076;2;;DP2100043;F4E93A0;7723828581;2023-01-09T13:47:11;1
K2300075;2;;DP2100043;F4E93A0;7723828581;2023-01-09T13:45:53;1
K2300090;2;;DP2100043;F4E93A0;7723828581;2023-01-11T09:40:55;1
K2300102;2;;DP2100043;F4E93A0;7723828581;2023-01-12T09:16:34;1
K2300100;2;;DP2100043;F4E93A0;7723828581;2023-01-12T09:16:00;1
K2300101;2;;DP2100043;F4E93A0;7723828581;2023-01-12T09:16:16;1
K2300103;2;;DP2100043;F4E93A0;7723828581;2023-01-12T09:16:50;1
K2300140;2;;DP2100043;F4E93A0;7723828581;2023-01-16T09:48:27;1
K2300139;2;;DP2100043;F4E93A0;7723828581;2023-01-16T09:48:04;1
K2300141;2;;DP2100043;F4E93A0;7723828581;2023-01-16T09:48:51;1
K2300137;2;;DP2100043;F4E93A0;7723828581;2023-01-16T09:47:32;1
K2300138;2;;DP2100043;F4E93A0;7723828581;2023-01-16T09:47:48;1
K2300149;2;;X2001305;F4E93A0;7224424177;2023-01-16T15:35:50;1
K2300182;2;;X2001305;F4E93A0;7224424177;2023-01-19T10:33:34;1
K2300202;2;;DP2100043;F4E93A0;7723828581;2023-01-23T16:08:56;1
K2300206;2;;DP2100043;F4E93A0;7723828581;2023-01-23T16:14:11;1
K2300203;2;;DP2100043;F4E93A0;7723828581;2023-01-23T16:10:21;1
K2300204;2;;DP2100043;F4E93A0;7723828581;2023-01-23T16:11:51;1
K2300205;2;;DP2100043;F4E93A0;7723828581;2023-01-23T16:13:18;1
K2300208;2;;DP2100043;F4E93A0;7723828581;2023-01-23T16:15:26;1
K2300207;2;;DP2100043;F4E93A0;7723828581;2023-01-23T16:14:57;1
K2300214;2;;X2001305;F4E93A0;7224424177;2023-01-24T09:26:02;1
K2300215;2;;X2001305;F4E93A0;7224424177;2023-01-24T09:57:53;1
K2300216;2;;X2001305;F4E93A0;7224424177;2023-01-24T09:59:18;1
K2300242;2;;X2001305;F4E93A0;7224424177;2023-01-26T09:44:29;1
K2300245;2;;X2001305;F4E93A0;7224424177;2023-01-26T10:35:17;1
K2300248;2;;X2001305;F4E93A0;7224424177;2023-01-26T12:04:23;1
K2300250;2;;X2001305;F4E93A0;7224424177;2023-01-26T14:47:50;1
K2300273;2;;X2001305;F4E93A0;7224424177;2023-01-27T14:08:54;1
K2300275;2;;X2001305;F4E93A0;7224424177;2023-01-27T14:09:57;1
K2300279;2;;X2001305;F4E93A0;7224424177;2023-01-27T16:37:16;1
K2300280;2;;X2001305;F4E93A0;7224424177;2023-01-27T16:38:54;1
K2300288;2;;DP2100043;F4E93A0;7723828581;2023-01-31T14:51:41;1
K2300289;2;;DP2100058;F4E93A0;7723828581;2023-01-31T14:53:05;1
K2300291;2;;DP2100058;F4E93A0;7723828581;2023-01-31T14:56:00;1
K2300290;2;;DP2100058;F4E93A0;7723828581;2023-01-31T14:54:34;1
K2300295;2;;X2001305;F4E93A0;7224424177;2023-01-31T15:21:18;1
K2300301;2;;DP2100043;F4E93A0;7723828581;2023-01-31T16:45:58;1
K2300302;2;;X2001305;F4E93A0;7224424177;2023-02-01T09:30:02;1
K2300304;2;;DP2100043;F4E93A0;7723828581;2023-02-01T11:05:03;1
K2300305;2;;X2001305;F4E93A0;7224424177;2023-02-01T12:04:27;1
K2300328;2;;X2001305;F4E93A0;7224424177;2023-02-03T12:19:58;1
K2300334;2;;DP2100043;F4E93A0;7723828581;2023-02-06T09:44:58;1
K2300338;2;;DP2100043;F4E93A0;7723828581;2023-02-06T15:19:08;1
K2300340;2;;X2001305;F4E93A0;7224424177;2023-02-07T09:37:28;1
K2300342;2;;DP2100043;F4E93A0;7723828581;2023-02-07T12:24:56;1
K2300343;2;;X2001305;F4E93A0;7224424177;2023-02-07T13:42:32;1
K2300365;2;;X2001305;F4E93A0;7224424177;2023-02-08T14:45:04;1
K2300370;2;;X2001305;F4E93A0;7224424177;2023-02-09T10:02:13;1
K2300373;2;;DP2100043;F4E93A0;7723828581;2023-02-09T10:45:19;1
K2300386;3;;DP2100043;F4E93A0;7723828581;2023-02-10T09:00:26;1
K2300388;2;;X2001305;F4E93A0;7224424177;2023-02-10T09:40:24;1
K2300390;2;;DP2100043;F4E93A0;7723828581;2023-02-10T11:40:31;1
K2300442;2;;DP2100043;F4E93A0;7723828581;2023-02-16T09:08:10;1
K2300443;2;;DP2100043;F4E93A0;7723828581;2023-02-16T09:09:06;1
K2300444;2;;DP2100043;F4E93A0;7723828581;2023-02-16T09:09:44;1
K2300445;2;;DP2100043;F4E93A0;7723828581;2023-02-16T09:10:32;1
K2300447;2;;X2001305;F4E93A0;7224424177;2023-02-16T10:31:56;1
K2300448;2;;X2001305;F4E93A0;7224424177;2023-02-16T10:34:02;1
K2300459;2;;X2001305;F4E93A0;7224424177;2023-02-16T14:27:13;1
K2300460;2;;X2001305;F4E93A0;7224424177;2023-02-16T14:30:29;1
K2300467;2;;X2001305;F4E93A0;7224424177;2023-02-17T14:22:15;1
K2300480;2;;X2001305;F4E93A0;7224424177;2023-02-20T10:43:45;1
K2300485;2;;X2001305;F4E93A0;7224424177;2023-02-20T16:40:54;1
K2300495;2;;DP2100043;F4E93A0;7723828581;2023-02-21T13:34:15;1
K2300531;2;;X2001305;F4E93A0;7224424177;2023-02-23T11:52:31;1
K2300560;2;;X2001305;F4E93A0;7224424177;2023-02-27T13:50:40;1
K2300575;2;;DP2100043;F4E93A0;7723828581;2023-03-01T10:46:03;1
K2300577;2;;X2001305;F4E93A0;7224424177;2023-03-01T13:49:02;1
K2300611;2;;DP2100043;F4E93A0;7723828581;2023-03-06T09:08:10;1
K2300675;2;;DP2100043;F4E93A0;7723828581;2023-03-08T11:40:50;1
K2300695;2;;DP2100043;F4E93A0;7723828581;2023-03-09T09:01:55;1
K2300708;2;;X2001305;F4E93A0;7224424177;2023-03-09T15:23:28;1
K2300709;2;;X2001305;F4E93A0;7224424177;2023-03-09T15:24:08;1
K2300710;2;;X2001305;F4E93A0;7224424177;2023-03-09T15:27:36;1
K2300729;2;;X2001305;F4E93A0;7224424177;2023-03-13T16:28:26;1
K2300730;2;;X2001305;F4E93A0;7224424177;2023-03-14T08:08:46;1
K2300731;2;;X2001305;F4E93A0;7224424177;2023-03-14T08:09:14;1
K2300738;2;;X2001305;F4E93A0;7224424177;2023-03-14T13:57:24;1
K2300835;2;;X2001305;F4E93A0;7224424177;2023-03-21T09:38:32;1
K2300837;2;;X2001305;F4E93A0;7224424177;2023-03-21T09:39:29;1
K2300840;2;;X2001305;F4E93A0;7224424177;2023-03-21T09:41:18;1
K2300836;2;;X2001305;F4E93A0;7224424177;2023-03-21T09:39:13;1
K2300839;2;;X2001305;F4E93A0;7224424177;2023-03-21T09:39:58;1
K2300838;2;;X2001305;F4E93A0;7224424177;2023-03-21T09:39:44;1
K2300885;2;;X2001305;F4E93A0;7224424177;2023-03-24T09:11:24;1
K2300886;2;;X2001305;F4E93A0;7224424177;2023-03-24T09:11:44;1
K2300887;2;;X2001305;F4E93A0;7224424177;2023-03-24T09:12:01;1
K2300884;2;;X2001305;F4E93A0;7224424177;2023-03-24T09:11:06;1
K2300898;2;;DP2100043;F4E93A0;7723828581;2023-03-27T09:22:30;1
K2300897;2;;DP2100043;F4E93A0;7723828581;2023-03-27T09:22:15;1
K2300926;2;;X2001305;F4E93A0;7224424177;2023-03-28T14:09:31;1
K2300943;2;;DP2100043;F4E93A0;7723828581;2023-03-29T10:09:31;1
K2300946;2;;X2001305;F4E93A0;7224424177;2023-03-29T12:09:18;1
K2300967;2;;DP2100043;F4E93A0;7723828581;2023-03-31T09:01:31;1
K2300966;2;;DP2100043;F4E93A0;7723828581;2023-03-31T09:01:23;1
K2300969;2;;X2001305;F4E93A0;7224424177;2023-03-31T09:37:46;1
K2300974;2;;X2001305;F4E93A0;7224424177;2023-03-31T13:39:20;1
K2300975;2;;X2001305;F4E93A0;7224424177;2023-03-31T13:40:46;1
K2300976;2;;X2001305;F4E93A0;7224424177;2023-03-31T13:42:03;1
K2301030;3;;X2001305;F4E93A0;7224424177;2023-04-07T09:01:15;1
K2301032;2;;DP2100043;F4E93A0;7723828581;2023-04-07T11:01:05;1
K2301034;2;;DP2100043;F4E93A0;7723828581;2023-04-11T08:59:51;1
K2301048;2;;DP2100239;F4E93A0;7224424177;2023-04-12T08:43:19;1
K2301049;2;;DP2100238;F4E93A0;7224424177;2023-04-12T08:45:07;1
K2301050;2;;DP2100043;F4E93A0;7723828581;2023-04-12T08:48:40;1
K2301092;2;;X2001305;F4E93A0;7224424177;2023-04-14T14:39:12;1
K2301093;2;;DP2100043;F4E93A0;7723828581;2023-04-14T16:00:35;1
K2301097;2;;X2001305;F4E93A0;7224424177;2023-04-17T10:15:21;1
K2301099;2;;X2001305;F4E93A0;7224424177;2023-04-17T12:19:15;1
K2301102;2;;X2001305;F4E93A0;7224424177;2023-04-17T12:21:08;1
K2301100;2;;X2001305;F4E93A0;7224424177;2023-04-17T12:19:58;1
K2301101;2;;X2001305;F4E93A0;7224424177;2023-04-17T12:20:34;1
K2301148;2;;DP2100058;F4E93A0;7723828581;2023-04-20T17:36:29;1
K2301149;2;;DP2100058;F4E93A0;7723828581;2023-04-20T17:36:59;1
K2301190;2;;DP2100043;F4E93A0;7723828581;2023-04-26T16:42:14;1
K2301232;2;;X2001305;F4E93A0;7224424177;2023-04-28T13:44:34;1
K2301243;2;;X2001305;F4E93A0;7224424177;2023-05-02T14:38:31;1
K2301245;2;;DP2100043;F4E93A0;7723828581;2023-05-02T15:29:20;1
K2301253;2;;X2001305;F4E93A0;7224424177;2023-05-03T10:51:57;1
K2301282;2;;X2001305;F4E93A0;7224424177;2023-05-09T09:19:16;1
K2301290;2;;DP2100043;F4E93A0;7723828581;2023-05-10T09:16:13;1
K2301302;2;;X2001305;F4E93A0;7224424177;2023-05-10T13:49:46;1
K2301355;2;;X2001305;F4E93A0;7224424177;2023-05-17T08:47:40;1
K2301386;2;;X2001305;F4E93A0;7224424177;2023-05-23T09:32:23;1
K2301502;2;;X2001305;F4E93A0;7224424177;2023-06-05T10:40:11;1
K2301654;2;;DP2100043;F4E93A0;7723828581;2023-06-19T11:21:58;1
K2301652;2;;DP2100043;F4E93A0;7723828581;2023-06-19T11:21:31;1
K2301653;2;;DP2100043;F4E93A0;7723828581;2023-06-19T11:21:45;1
K2301681;2;;X2001305;F4E93A0;7224424177;2023-06-20T13:38:09;1
K2301734;2;;DP2100043;F4E93A0;7723828581;2023-06-26T14:29:43;1
K2301735;2;;DP2100043;F4E93A0;7723828581;2023-06-26T14:29:56;1
K2301739;2;;X2001305;F4E93A0;7224424177;2023-06-26T15:59:49;1
K2301763;2;;X2001305;F4E93A0;7224424177;2023-06-29T12:01:50;1
K2301784;2;;DP2100043;F4E93A0;7723828581;2023-06-30T13:43:17;1
K2301826;2;;X2001305;F4E93A0;7224424177;2023-07-04T15:53:20;1
K2301829;2;;X2001305;F4E93A0;7224424177;2023-07-04T17:20:04;1
K2301842;2;;DP2100043;F4E93A0;7723828581;2023-07-05T15:56:41;1
K2301843;2;;DP2100043;F4E93A0;7723828581;2023-07-05T15:57:43;1
K2301891;2;;DP2100043;F4E93A0;7723828581;2023-07-11T14:27:27;1
K2301954;2;;X2001305;F4E93A0;7224424177;2023-07-19T14:01:12;1
K2301987;2;;DP2100043;F4E93A0;7723828581;2023-07-24T15:53:21;1
K2301988;2;;DP2100043;F4E93A0;7723828581;2023-07-24T15:54:20;1
K2302213;2;;DP2100043;F4E93A0;7723828581;2023-08-17T14:58:29;1
K2302407;2;;DP2100043;F4E93A0;7723828581;2023-09-01T08:24:56;1
K2302584;2;;X2001305;F4E93A0;7224424177;2023-09-20T08:54:07;1
K2302585;2;;X2001305;F4E93A0;7224424177;2023-09-20T14:54:50;1
K2302629;2;;X2001305;F4E93A0;7224424177;2023-09-22T16:17:51;1
K2302643;2;;X2001305;F4E93A0;7224424177;2023-09-25T14:57:19;1
K2302644;2;;X2001305;F4E93A0;7224424177;2023-09-25T15:16:55;1
K2302711;2;;X2001305;F4E93A0;7224424177;2023-10-02T11:32:58;1
K2302727;2;;X2001305;F4E93A0;7224424177;2023-10-03T09:48:17;1
K2302726;3;;X2001305;F4E93A0;7224424177;2023-10-03T09:47:19;1
K2302736;2;;X2001305;F4E93A0;7224424177;2023-10-04T08:41:53;1
K2302752;2;;X2001305;F4E93A0;7224424177;2023-10-05T11:26:12;1
K2302758;2;;X2001305;F4E93A0;7224424177;2023-10-05T16:13:13;1
K2302774;2;;X2001305;F4E93A0;7224424177;2023-10-09T09:28:55;1
K2302775;2;;X2001305;F4E93A0;7224424177;2023-10-09T09:48:51;1
K2302776;2;;X2001305;F4E93A0;7224424177;2023-10-09T09:57:47;1
K2302777;2;;X2001305;F4E93A0;7224424177;2023-10-09T10:11:15;1
K2302778;2;;X2001305;F4E93A0;7224424177;2023-10-09T10:22:08;1
K2302814;2;;DP2100043;F4E93A0;7723828581;2023-10-11T15:38:26;1
K2302827;2;;X2001305;F4E93A0;7224424177;2023-10-12T13:31:06;1
K2302870;2;;X2001305;F4E93A0;7224424177;2023-10-17T12:08:35;1
K2302873;2;;DP2100043;F4E93A0;7723828581;2023-10-17T13:27:58;1
K2302890;2;;X2001305;F4E93A0;7224424177;2023-10-19T11:13:33;1
K2302938;2;;DP2100043;F4E93A0;7723828581;2023-10-23T15:03:57;1
K2303166;2;;X2001305;F4E93A0;7224424177;2023-11-15T08:41:20;1
K2303205;2;;X2001305;F4E93A0;7224424177;2023-11-15T16:51:09;1
K2303221;2;;X2001305;F4E93A0;7224424177;2023-11-16T15:18:50;1
K2303222;2;;X2001305;F4E93A0;7224424177;2023-11-16T15:48:30;1
K2303267;2;;X2001305;F4E93A0;7224424177;2023-11-21T16:50:44;1
K2303326;2;;X2001305;F4E93A0;7224424177;2023-11-24T13:26:42;1
K2303341;2;;DP2100043;F4E93A0;7723828581;2023-11-27T11:10:52;1
K2303373;2;;DP2100043;F4E93A0;7723828581;2023-11-29T09:40:14;1
K2303391;2;;X2001305;F4E93A0;7224424177;2023-11-30T09:11:22;1
K2303390;2;;X2001305;F4E93A0;7224424177;2023-11-30T09:09:15;1
K2303392;2;;DP2100043;F4E93A0;7723828581;2023-11-30T09:30:52;1
K2303441;2;;X2001305;F4E93A0;7224424177;2023-12-04T09:25:01;1
K2303442;2;;X2001305;F4E93A0;7224424177;2023-12-04T09:25:09;1
K2303473;2;;X2001305;F4E93A0;7224424177;2023-12-05T10:56:31;1
K2303472;2;;X2001305;F4E93A0;7224424177;2023-12-05T10:54:51;1
K2303529;2;;X2001305;F4E93A0;7224424177;2023-12-07T15:55:46;1
K2303530;2;;X2001305;F4E93A0;7224424177;2023-12-07T15:56:27;1
K2303585;2;;DP2100043;F4E93A0;7723828581;2023-12-13T14:02:35;1
K2303616;2;;X2001305;F4E93A0;7224424177;2023-12-14T15:11:30;1
K2303709;2;;DP2100043;F4E93A0;7723828581;2023-12-21T11:09:42;1
K2303746;2;;DP2100043;F4E93A0;7723828581;2023-12-27T09:34:25;1
K2400022;2;;X2001305;F4E93A0;7224424177;2024-01-04T14:11:44;1
K2400023;2;;DP2100043;F4E93A0;7723828581;2024-01-04T14:13:21;1
K2400032;2;;DP2100043;F4E93A0;7723828581;2024-01-05T13:17:55;1
K2400033;2;;X2001305;F4E93A0;7224424177;2024-01-05T14:49:51;1
K2400093;2;;X2001305;F4E93A0;7224424177;2024-01-11T09:38:23;1
K2400146;2;;X2001305;F4E93A0;7224424177;2024-01-15T14:38:57;1
K2400183;2;;X2001305;F4E93A0;7224424177;2024-01-18T09:46:45;1
K2400244;2;;X2001305;F4E93A0;7224424177;2024-01-24T08:49:17;1
K2400301;2;;X2001305;F4E93A0;7224424177;2024-01-29T09:32:56;1
K2400357;2;;DP2100043;F4E93A0;7723828581;2024-01-31T08:57:55;1
K2400392;2;;X2001305;F4E93A0;7224424177;2024-02-02T08:02:36;1
K2400424;2;;X2001305;F4E93A0;7224424177;2024-02-05T08:48:09;1
K2400486;2;;DP2100043;F4E93A0;7723828581;2024-02-07T14:09:30;1
K2400526;2;;DP2100043;F4E93A0;7723828581;2024-02-09T12:33:08;1
K2400587;2;;X2001305;F4E93A0;7224424177;2024-02-14T10:30:32;1
K2400588;2;;X2001305;F4E93A0;7224424177;2024-02-14T10:48:18;1
K2400639;2;;X2001305;F4E93A0;7224424177;2024-02-15T17:16:41;1
K2400636;2;;X2001305;F4E93A0;7224424177;2024-02-15T17:15:55;1
K2400649;2;;X2001305;F4E93A0;7224424177;2024-02-16T13:55:17;1
K2400691;2;;DP2100043;F4E93A0;7723828581;2024-02-22T09:28:55;1
K2400724;2;;DP2100043;F4E93A0;7723828581;2024-02-26T13:44:01;1
K2201491;2;;DP2100043;F4E93A0;7723828581;2022-06-08T11:16:50;1
K2400833;2;;X2001305;F4E93A0;7224424177;2024-03-01T16:54:27;1
K2400854;2;;DP2100043;F4E93A0;7723828581;2024-03-05T11:55:01;1
K2400856;2;;X2001305;F4E93A0;7224424177;2024-03-05T12:27:21;1
