X1900009;2;;PM20199;F4E93A0;24212613;2019-01-04T10:30:49;1
X1900209;3;;X990327;F4E93A0;1500671;2019-03-04T14:32:17;1
X1900297;2;;X990327;F4E93A0;1500671;2019-03-26T16:05:54;1
X1900343;2;;X990327;F4E93A0;1500671;2019-04-09T16:40:39;1
X1900341;2;;X990327;F4E93A0;1500671;2019-04-09T16:40:17;1
X1900350;2;;X990327;F4E93A0;1500671;2019-04-09T17:00:31;1
X1900348;2;;X990327;F4E93A0;1500671;2019-04-09T17:00:21;1
X1900349;2;;X990327;F4E93A0;1500671;2019-04-09T17:00:26;1
X1900347;2;;X990327;F4E93A0;1500671;2019-04-09T17:00:16;1
X1900370;2;;X990327;F4E93A0;1500671;2019-04-10T08:02:14;1
X1900351;2;;X990327;F4E93A0;1500671;2019-04-10T08:00:20;1
X1900377;3;;X990327;F4E93A0;1500671;2019-04-10T08:02:56;1
X1900376;2;;X990327;F4E93A0;1500671;2019-04-10T08:02:44;1
X1900353;2;;X990327;F4E93A0;1500671;2019-04-10T08:00:31;1
X1900361;2;;X990327;F4E93A0;1500671;2019-04-10T08:01:15;1
X1900375;2;;X990327;F4E93A0;1500671;2019-04-10T08:02:39;1
X1900378;2;;X990327;F4E93A0;1500671;2019-04-10T08:03:04;1
X1900352;2;;X990327;F4E93A0;1500671;2019-04-10T08:00:26;1
X1900362;2;;X990327;F4E93A0;1500671;2019-04-10T08:01:24;1
X1900374;2;;X990327;F4E93A0;1500671;2019-04-10T08:02:34;1
X1900355;2;;X990327;F4E93A0;1500671;2019-04-10T08:00:41;1
X1900363;2;;X990327;F4E93A0;1500671;2019-04-10T08:01:30;1
X1900368;2;;X990327;F4E93A0;1500671;2019-04-10T08:01:57;1
X1900354;2;;X990327;F4E93A0;1500671;2019-04-10T08:00:36;1
X1900369;2;;X990327;F4E93A0;1500671;2019-04-10T08:02:04;1
X1900365;2;;X990327;F4E93A0;1500671;2019-04-10T08:01:41;1
X1900356;2;;X990327;F4E93A0;1500671;2019-04-10T08:00:47;1
X1900366;2;;X990327;F4E93A0;1500671;2019-04-10T08:01:46;1
X1900373;2;;X990327;F4E93A0;1500671;2019-04-10T08:02:28;1
X1900359;2;;X990327;F4E93A0;1500671;2019-04-10T08:01:04;1
X1900358;2;;X990327;F4E93A0;1500671;2019-04-10T08:00:58;1
X1900371;2;;X990327;F4E93A0;1500671;2019-04-10T08:02:19;1
X1900381;3;;X990327;F4E93A0;1500671;2019-04-10T09:39:55;1
X1900388;2;;X990327;F4E93A0;1500671;2019-04-11T10:04:47;1
X1900391;2;;X990327;F4E93A0;1500671;2019-04-11T14:40:22;1
X1900392;2;;X990327;F4E93A0;1500671;2019-04-11T14:40:27;1
X1900458;2;;X990327;F4E93A0;1500671;2019-04-25T12:00:14;1
X1900599;2;;X990327;F4E93A0;1500671;2019-06-04T14:21:19;1
X1900598;2;;X990327;F4E93A0;1500671;2019-06-04T14:21:14;1
X1900592;2;;X990327;F4E93A0;1500671;2019-06-04T14:20:44;1
X1900591;2;;X990327;F4E93A0;1500671;2019-06-04T14:20:39;1
X1900601;2;;X990327;F4E93A0;1500671;2019-06-04T14:21:28;1
X1900597;2;;X990327;F4E93A0;1500671;2019-06-04T14:21:09;1
X1900611;2;;X990327;F4E93A0;1500671;2019-06-04T14:41:04;1
X1900622;2;;X990327;F4E93A0;1500671;2019-06-04T14:41:57;1
X1900607;2;;X990327;F4E93A0;1500671;2019-06-04T14:40:44;1
X1900606;2;;X990327;F4E93A0;1500671;2019-06-04T14:40:39;1
X1900613;2;;X990327;F4E93A0;1500671;2019-06-04T14:41:14;1
X1900604;2;;X990327;F4E93A0;1500671;2019-06-04T14:40:30;1
X1900609;2;;X990327;F4E93A0;1500671;2019-06-04T14:40:53;1
X1900603;2;;X990327;F4E93A0;1500671;2019-06-04T14:40:25;1
X1900608;2;;X990327;F4E93A0;1500671;2019-06-04T14:40:49;1
X1900614;2;;X990327;F4E93A0;1500671;2019-06-04T14:41:19;1
X1900618;2;;X990327;F4E93A0;1500671;2019-06-04T14:41:38;1
X1900616;2;;X990327;F4E93A0;1500671;2019-06-04T14:41:28;1
X1900619;2;;X990327;F4E93A0;1500671;2019-06-04T14:41:43;1
X1900621;2;;X990327;F4E93A0;1500671;2019-06-04T14:41:52;1
X1900617;2;;X990327;F4E93A0;1500671;2019-06-04T14:41:33;1
X1900620;2;;X990327;F4E93A0;1500671;2019-06-04T14:41:47;1
X1900623;2;;X990327;F4E93A0;1500671;2019-06-04T14:42:04;1
X1900669;2;;X990327;F4E93A0;1500671;2019-06-12T15:00:11;1
X1900758;2;;X990327;F4E93A0;1500671;2019-07-02T14:55:15;1
X1900765;2;;X990327;F4E93A0;1500671;2019-07-03T12:00:23;1
X1900775;2;;X990327;F4E93A0;1500671;2019-07-04T15:01:03;1
X1900774;2;;X990327;F4E93A0;1500671;2019-07-04T15:00:56;1
X1900782;2;;X990327;F4E93A0;1500671;2019-07-08T11:00:23;1
X1900784;2;;X990327;F4E93A0;1500671;2019-07-08T12:40:35;1
X1900785;2;;X990327;F4E93A0;1500671;2019-07-08T12:40:39;1
X1900783;2;;X990327;F4E93A0;1500671;2019-07-08T12:40:29;1
X1900788;2;;X990327;F4E93A0;1500671;2019-07-08T15:13:39;1
X1900834;2;;X990327;F4E93A0;1500671;2019-07-19T13:45:20;1
X1900835;2;;X990327;F4E93A0;1500671;2019-07-19T13:56:43;1
X1900843;2;;X990327;F4E93A0;1500671;2019-07-22T13:20:34;1
X1900844;2;;X990327;F4E93A0;1500671;2019-07-22T14:24:10;1
X1900889;2;;X990327;F4E93A0;1500671;2019-07-31T11:20:29;1
X1900907;2;;X990327;F4E93A0;1500671;2019-08-07T12:00:29;1
X1900911;2;;X990327;F4E93A0;1500671;2019-08-07T14:00:20;1
X1900946;2;;X990327;F4E93A0;1500671;2019-08-22T09:33:22;1
X1901007;2;;X990327;F4E93A0;1500671;2019-09-04T13:20:40;1
X1901017;2;;X990327;F4E93A0;1500671;2019-09-06T11:20:25;1
X1901016;2;;X990327;F4E93A0;1500671;2019-09-06T11:20:19;1
X1901032;2;;PM20199;F4E93A0;24212613;2019-09-10T14:02:55;1
X1901079;2;;X990327;F4E93A0;1500671;2019-09-17T17:42:27;1
X1900596;2;;X990327;F4E93A0;1500671;2019-06-04T14:21:04;1
X1900379;2;;X990327;F4E93A0;1500671;2019-04-10T08:03:09;1
X1900594;2;;X990327;F4E93A0;1500671;2019-06-04T14:20:53;1
X1901131;2;;X990327;F4E93A0;1500671;2019-10-01T11:16:22;1
X1901137;3;;X990327;F4E93A0;1500671;2019-10-01T17:39:10;1
X1901196;2;;X990327;F4E93A0;1500671;2019-10-11T12:00:33;1
X1901221;2;;X990327;F4E93A0;1500671;2019-10-15T12:21:04;1
X1901252;2;;X990327;F4E93A0;1500671;2019-10-18T12:05:49;1
X1901283;2;;X990327;F4E93A0;1500671;2019-10-24T10:56:56;1
X1901288;2;;X990327;F4E93A0;1500671;2019-10-24T15:21:25;1
X1901289;2;;X990327;F4E93A0;1500671;2019-10-24T15:40:46;1
X1901293;2;;X990327;F4E93A0;1500671;2019-10-24T15:41:09;1
X1901292;2;;X990327;F4E93A0;1500671;2019-10-24T15:41:04;1
X1901291;2;;X990327;F4E93A0;1500671;2019-10-24T15:40:56;1
X1901290;2;;X990327;F4E93A0;1500671;2019-10-24T15:40:51;1
X1901302;2;;X990327;F4E93A0;1500671;2019-10-25T15:00:39;1
X1901305;2;;X990327;F4E93A0;1500671;2019-10-28T11:40:29;1
X1901306;2;;X990327;F4E93A0;1500671;2019-10-28T11:40:47;1
X1901309;2;;X990327;F4E93A0;1500671;2019-10-28T14:14:26;1
X1901312;2;;PT20055;F4E93A0;24212613;2019-10-29T10:33:07;1
X1901321;2;;PT20055;F4E93A0;24212613;2019-10-30T14:54:29;1
X1901364;2;;X990327;F4E93A0;1500671;2019-11-08T15:02:25;1
X1901371;2;;X990327;F4E93A0;1500671;2019-11-12T12:00:44;1
X1901378;2;;X990327;F4E93A0;1500671;2019-11-13T11:20:23;1
X1901380;2;;X990327;F4E93A0;1500671;2019-11-13T12:00:32;1
X1901401;2;;X990327;F4E93A0;1500671;2019-11-18T09:41:34;1
X1901513;2;;X990327;F4E93A0;1500671;2019-12-02T11:01:07;1
X1901522;2;;X990327;F4E93A0;1500671;2019-12-03T14:37:53;1
X1901521;2;;X990327;F4E93A0;1500671;2019-12-03T14:37:48;1
X1901523;2;;X990327;F4E93A0;1500671;2019-12-03T14:37:58;1
X1900600;2;;X990327;F4E93A0;1500671;2019-06-04T14:21:23;1
X1901542;2;;X990327;F4E93A0;1500671;2019-12-05T14:40:33;1
X1901561;2;;X990327;F4E93A0;1500671;2019-12-09T12:41:23;1
X1901560;2;;X990327;F4E93A0;1500671;2019-12-09T12:40:41;1
X1901559;2;;X990327;F4E93A0;1500671;2019-12-09T12:40:36;1
X1901563;2;;X990327;F4E93A0;1500671;2019-12-09T14:00:31;1
X1901562;2;;X990327;F4E93A0;1500671;2019-12-09T14:00:26;1
X1901575;2;;PT20055;F4E93A0;24212613;2019-12-10T12:41:29;1
X1900342;2;;X990327;F4E93A0;1500671;2019-04-09T16:40:33;1
X1900595;2;;X990327;F4E93A0;1500671;2019-06-04T14:20:58;1
X1900560;2;;X990327;F4E93A0;1500671;2019-05-27T14:37:04;1
X1901600;2;;X990327;F4E93A0;1500671;2019-12-13T15:21:05;1
X1901601;2;;X990327;F4E93A0;1500671;2019-12-13T15:41:01;1
X1901638;2;;X990327;F4E93A0;1500671;2019-12-20T12:06:48;1
X1901642;2;;X990327;F4E93A0;1500671;2019-12-20T15:00:17;1
X1901658;2;;X990327;F4E93A0;1500671;2019-12-24T12:01:09;1
X1901657;2;;X990327;F4E93A0;1500671;2019-12-24T12:01:04;1
X1901660;2;;X990327;F4E93A0;1500671;2019-12-24T12:02:19;1
X1901659;2;;X990327;F4E93A0;1500671;2019-12-24T12:02:13;1
X2000015;2;;X990327;F4E93A0;1500671;2020-01-07T14:20:23;1
X2000016;2;;X990327;F4E93A0;1500671;2020-01-07T14:20:28;1
X2000022;2;;X990327;F4E93A0;1500671;2020-01-08T14:00:32;1
X1901142;2;;X990327;F4E93A0;1500671;2019-10-02T13:09:30;1
X2000029;2;;X990327;F4E93A0;1500671;2020-01-09T14:40:58;1
X2000051;2;;X990327;F4E93A0;1500671;2020-01-13T14:41:03;1
X2000052;2;;X990327;F4E93A0;1500671;2020-01-13T14:41:08;1
X2000053;2;;X990327;F4E93A0;1500671;2020-01-13T14:41:13;1
X2000050;2;;X990327;F4E93A0;1500671;2020-01-13T14:40:58;1
X2000054;2;;X990327;F4E93A0;1500671;2020-01-13T14:41:18;1
X2000055;2;;X990327;F4E93A0;1500671;2020-01-13T15:00:22;1
X2000056;2;;X990327;F4E93A0;1500671;2020-01-13T15:00:28;1
X2000057;2;;X990327;F4E93A0;1500671;2020-01-13T15:00:37;1
X2000058;2;;X990327;F4E93A0;1500671;2020-01-13T15:00:42;1
X2000064;2;;X990327;F4E93A0;1500671;2020-01-14T11:02:48;1
X2000135;2;;X990327;F4E93A0;1500671;2020-01-24T12:05:10;1
X2000158;2;;X990327;F4E93A0;1500671;2020-01-28T16:00:39;1
X2000159;2;;X990327;F4E93A0;1500671;2020-01-28T16:16:45;1
X2000166;2;;X990327;F4E93A0;1500671;2020-01-29T14:00:38;1
X2000164;2;;X990327;F4E93A0;1500671;2020-01-29T14:00:23;1
X2000165;2;;X990327;F4E93A0;1500671;2020-01-29T14:00:29;1
X2000167;2;;X990327;F4E93A0;1500671;2020-01-29T14:20:36;1
X2000168;2;;X990327;F4E93A0;1500671;2020-01-29T14:20:41;1
X2000169;2;;X990327;F4E93A0;1500671;2020-01-29T14:20:46;1
X1900372;2;;X990327;F4E93A0;1500671;2019-04-10T08:02:23;1
X1900605;2;;X990327;F4E93A0;1500671;2019-06-04T14:40:34;1
X1900344;2;;X990327;F4E93A0;1500671;2019-04-09T16:40:43;1
X2000210;2;;X990327;F4E93A0;1500671;2020-02-05T10:40:41;1
X2000209;2;;X990327;F4E93A0;1500671;2020-02-05T10:40:34;1
X2000211;2;;X990327;F4E93A0;1500671;2020-02-05T10:40:47;1
X2000234;2;;X990327;F4E93A0;1500671;2020-02-07T14:41:02;1
X2000242;2;;X990327;F4E93A0;1500671;2020-02-10T13:54:25;1
X2000243;2;;X990327;F4E93A0;1500671;2020-02-10T14:56:09;1
X2000244;2;;X990327;F4E93A0;1500671;2020-02-10T14:59:41;1
X2000251;2;;X990327;F4E93A0;1500671;2020-02-11T15:09:10;1
X2000252;2;;X990327;F4E93A0;1500671;2020-02-11T15:13:25;1
X2000271;2;;X990327;F4E93A0;1500671;2020-02-13T13:49:28;1
X2000272;2;;X990327;F4E93A0;1500671;2020-02-13T13:53:27;1
X2000289;2;;X990327;F4E93A0;1500671;2020-02-14T14:40:27;1
X2000294;2;;X990327;F4E93A0;1500671;2020-02-17T09:27:58;1
X2000300;2;;X990327;F4E93A0;1500671;2020-02-17T15:42:30;1
X2000299;2;;X990327;F4E93A0;1500671;2020-02-17T15:42:30;1
X2000328;2;;X990327;F4E93A0;1500671;2020-02-24T14:32:15;1
X2000344;2;;PT20055;F4E93A0;24212613;2020-02-27T09:48:45;1
X2000359;2;;X990327;F4E93A0;1500671;2020-02-28T15:29:42;1
X2000370;2;;X990327;F4E93A0;1500671;2020-03-04T11:00:37;1
X2000372;2;;X990327;F4E93A0;1500671;2020-03-04T12:40:24;1
X2000373;2;;X990327;F4E93A0;1500671;2020-03-04T15:35:25;1
X2000420;2;;X990327;F4E93A0;1500671;2020-03-13T14:20:22;1
X2000421;2;;X990327;F4E93A0;1500671;2020-03-13T14:40:35;1
X2000422;2;;X990327;F4E93A0;1500671;2020-03-13T14:40:35;1
X2000446;2;;X990327;F4E93A0;1500671;2020-03-26T16:16:46;1
X2000450;2;;X990327;F4E93A0;1500671;2020-03-27T16:00:37;1
X2000473;2;;X990327;F4E93A0;1500671;2020-04-07T12:00:34;1
X2000487;2;;X990327;F4E93A0;1500671;2020-04-14T14:00:32;1
X2000542;2;;X990327;F4E93A0;1500671;2020-05-11T14:00:48;1
X2000597;2;;X990327;F4E93A0;1500671;2020-05-27T13:00:21;1
X2000606;2;;X990327;F4E93A0;1500671;2020-05-29T17:36:42;1
X2000735;2;;X990327;F4E93A0;1500671;2020-06-30T10:20:52;1
X2000733;2;;X990327;F4E93A0;1500671;2020-06-30T10:20:52;1
X2000734;2;;X990327;F4E93A0;1500671;2020-06-30T10:20:52;1
X2000790;2;;X990327;F4E93A0;1500671;2020-07-03T11:20:14;1
X2000791;2;;X990327;F4E93A0;1500671;2020-07-03T13:00:51;1
X2000831;2;;X990327;F4E93A0;1500671;2020-07-09T14:00:20;1
X2000833;2;;X990327;F4E93A0;1500671;2020-07-09T14:20:54;1
X2000836;2;;X990327;F4E93A0;1500671;2020-07-09T15:20:28;1
X2000838;2;;X990327;F4E93A0;1500671;2020-07-09T15:20:28;1
X2000837;2;;X990327;F4E93A0;1500671;2020-07-09T15:20:28;1
X2000881;2;;X990327;F4E93A0;1500671;2020-07-17T15:21:40;1
X2001032;2;;X990327;F4E93A0;1500671;2020-08-07T15:20:23;1
X2001058;2;;X990327;F4E93A0;1500671;2020-08-13T15:41:19;1
X2001059;2;;X990327;F4E93A0;1500671;2020-08-13T16:01:13;1
X2001110;2;;X990327;F4E93A0;1500671;2020-08-20T10:52:17;1
X2001117;2;;X990327;F4E93A0;1500671;2020-08-21T14:20:54;1
X2001160;2;;X990327;F4E93A0;1500671;2020-09-01T11:00:50;1
X2001228;2;;X990327;F4E93A0;1500671;2020-09-09T14:21:00;1
X2001248;2;;X990327;F4E93A0;1500671;2020-09-11T14:00:27;1
X2001259;2;;X990327;F4E93A0;1500671;2020-09-15T12:00:55;1
X2001261;2;;X990327;F4E93A0;1500671;2020-09-15T14:40:44;1
X2001277;2;;X990327;F4E93A0;1500671;2020-09-17T15:41:37;1
X2001278;2;;X990327;F4E93A0;1500671;2020-09-17T15:43:06;1
X2001280;2;;X990327;F4E93A0;1500671;2020-09-18T14:21:37;1
X2001296;2;;X990327;F4E93A0;1500671;2020-09-22T11:57:12;1
X2001320;2;;X990327;F4E93A0;1500671;2020-09-23T10:21:01;1
X2001319;2;;X990327;F4E93A0;1500671;2020-09-23T10:21:01;1
X2001323;2;;X990327;F4E93A0;1500671;2020-09-23T12:00:26;1
X2001351;2;;X990327;F4E93A0;1500671;2020-09-25T14:20:56;1
X2001365;2;;X990327;F4E93A0;1500671;2020-09-28T14:21:47;1
X2001372;2;;X990327;F4E93A0;1500671;2020-09-29T12:00:40;1
X2001395;2;;X990327;F4E93A0;1500671;2020-10-01T13:20:36;1
X2001472;2;;X990327;F4E93A0;1500671;2020-10-12T15:20:32;1
X2001495;2;;X990327;F4E93A0;1500671;2020-10-14T12:41:02;1
X2001494;2;;X990327;F4E93A0;1500671;2020-10-14T12:41:02;1
X2001493;2;;X990327;F4E93A0;1500671;2020-10-14T12:41:02;1
X2001566;2;;X990327;F4E93A0;1500671;2020-10-23T11:40:16;1
X2001567;2;;X990327;F4E93A0;1500671;2020-10-23T11:41:51;1
X2001611;2;;X990327;F4E93A0;1500671;2020-10-30T09:22:57;1
X2001657;2;;X990327;F4E93A0;1500671;2020-11-04T15:21:05;1
X2001668;2;;X990327;F4E93A0;1500671;2020-11-06T14:20:12;1
X2001669;2;;X990327;F4E93A0;1500671;2020-11-06T14:40:34;1
X2001710;2;;X990327;F4E93A0;1500671;2020-11-16T11:40:28;1
X2001711;2;;X990327;F4E93A0;1500671;2020-11-16T11:40:28;1
X2001716;2;;X990327;F4E93A0;1500671;2020-11-16T14:00:04;1
X2001745;2;;X990327;F4E93A0;1500671;2020-11-20T14:00:09;1
X2001750;2;;X990327;F4E93A0;1500671;2020-11-23T14:00:04;1
X2001754;2;;X990327;F4E93A0;1500671;2020-11-23T15:21:56;1
X2001753;2;;X990327;F4E93A0;1500671;2020-11-23T15:21:56;1
X2001778;2;;X990327;F4E93A0;1500671;2020-11-25T14:20:46;1
X2001793;2;;X990327;F4E93A0;1500671;2020-11-27T14:00:25;1
X2001794;2;;X990327;F4E93A0;1500671;2020-11-27T14:00:55;1
X2001821;2;;X990327;F4E93A0;1500671;2020-12-01T16:00:44;1
X2001822;2;;X990327;F4E93A0;1500671;2020-12-01T16:00:44;1
X2001833;2;;X990327;F4E93A0;1500671;2020-12-03T15:00:05;1
X2001843;2;;X990327;F4E93A0;1500671;2020-12-04T16:19:36;1
X2001850;2;;X990327;F4E93A0;1500671;2020-12-07T14:00:36;1
X2001864;2;;X990327;F4E93A0;1500671;2020-12-08T14:20:57;1
X2001874;2;;X990327;F4E93A0;1500671;2020-12-09T12:40:09;1
X2001913;2;;X990327;F4E93A0;1500671;2020-12-14T15:00:06;1
X2001914;2;;X990327;F4E93A0;1500671;2020-12-14T15:00:21;1
X2001926;2;;X990327;F4E93A0;1500671;2020-12-15T13:00:17;1
X2001929;2;;X990327;F4E93A0;1500671;2020-12-15T14:20:18;1
X2001976;2;;X990327;F4E93A0;1500671;2020-12-23T09:13:01;1
X2001980;2;;X990327;F4E93A0;1500671;2020-12-23T14:00:08;1
X2001979;2;;X990327;F4E93A0;1500671;2020-12-23T14:00:08;1
X2001981;2;;X990327;F4E93A0;1500671;2020-12-23T14:20:32;1
D2100044;2;;X990327;F4E93A0;1500671;2021-01-06T11:41:16;1
D2100045;2;;X990327;F4E93A0;1500671;2021-01-06T12:00:09;1
D2100048;2;;X990327;F4E93A0;1500671;2021-01-06T12:20:09;1
D2100050;2;;X990327;F4E93A0;1500671;2021-01-06T13:44:11;1
D2100086;2;;X990327;F4E93A0;1500671;2021-01-11T09:21:38;1
D2100091;2;;X990327;F4E93A0;1500671;2021-01-11T14:00:38;1
D2100104;2;;X990327;F4E93A0;1500671;2021-01-13T11:00:10;1
D2100106;2;;X990327;F4E93A0;1500671;2021-01-13T11:00:10;1
D2100113;2;;X990327;F4E93A0;1500671;2021-01-13T11:40:04;1
D2100114;2;;X990327;F4E93A0;1500671;2021-01-13T12:20:24;1
D2100116;2;;X990327;F4E93A0;1500671;2021-01-13T13:00:05;1
D2100157;2;;X990327;F4E93A0;1500671;2021-01-18T12:01:06;1
D2100167;2;;X990327;F4E93A0;1500671;2021-01-19T13:20:24;1
D2100171;2;;X990327;F4E93A0;1500671;2021-01-19T14:40:32;1
D2100172;2;;X990327;F4E93A0;1500671;2021-01-19T15:46:13;1
D2100218;2;;X990327;F4E93A0;1500671;2021-01-26T11:00:24;1
D2100219;2;;X990327;F4E93A0;1500671;2021-01-26T11:00:24;1
D2100220;2;;X990327;F4E93A0;1500671;2021-01-26T11:20:07;1
D2100223;2;;X990327;F4E93A0;1500671;2021-01-26T11:40:22;1
D2100222;2;;X990327;F4E93A0;1500671;2021-01-26T11:40:22;1
D2100224;2;;X990327;F4E93A0;1500671;2021-01-26T12:00:08;1
D2100243;2;;X990327;F4E93A0;1500671;2021-01-28T11:00:48;1
D2100274;2;;X990327;F4E93A0;1500671;2021-02-01T13:00:44;1
D2100279;2;;X990327;F4E93A0;1500671;2021-02-01T14:40:48;1
D2100283;2;;X990327;F4E93A0;1500671;2021-02-02T10:20:18;1
D2100302;2;;X990327;F4E93A0;1500671;2021-02-03T11:20:23;1
D2100356;2;;X990327;F4E93A0;1500671;2021-02-08T12:00:26;1
D2100355;2;;X990327;F4E93A0;1500671;2021-02-08T12:00:26;1
D2100382;2;;X990327;F4E93A0;1500671;2021-02-10T13:20:10;1
D2100381;2;;X990327;F4E93A0;1500671;2021-02-10T13:20:10;1
D2100384;2;;X990327;F4E93A0;1500671;2021-02-10T14:20:11;1
D2100383;2;;X990327;F4E93A0;1500671;2021-02-10T14:20:11;1
D2100386;2;;X990327;F4E93A0;1500671;2021-02-10T15:00:46;1
D2100385;2;;X990327;F4E93A0;1500671;2021-02-10T15:00:46;1
D2100388;2;;X990327;F4E93A0;1500671;2021-02-11T09:49:23;1
D2100413;2;;X990327;F4E93A0;1500671;2021-02-12T14:00:46;1
D2100411;2;;X990327;F4E93A0;1500671;2021-02-12T14:00:22;1
D2100412;2;;X990327;F4E93A0;1500671;2021-02-12T14:00:46;1
D2100414;2;;X990327;F4E93A0;1500671;2021-02-12T14:00:46;1
D2100415;2;;X990327;F4E93A0;1500671;2021-02-12T14:20:40;1
D2100416;2;;X990327;F4E93A0;1500671;2021-02-12T14:20:40;1
D2100424;2;;PT20055;F4E93A0;24212613;2021-02-15T09:32:18;1
D2100435;2;;X990327;F4E93A0;1500671;2021-02-16T11:00:11;1
D2100437;2;;X990327;F4E93A0;1500671;2021-02-16T12:20:08;1
D2100439;2;;X990327;F4E93A0;1500671;2021-02-16T12:40:21;1
D2100444;2;;X990327;F4E93A0;1500671;2021-02-17T12:00:44;1
D2100449;2;;X990327;F4E93A0;1500671;2021-02-17T14:20:32;1
D2100469;2;;X990327;F4E93A0;1500671;2021-02-19T12:20:40;1
D2100663;2;;X990327;F4E93A0;1500671;2021-03-09T14:20:34;1
D2100668;2;;X990327;F4E93A0;1500671;2021-03-09T15:00:11;1
D2100691;2;;X990327;F4E93A0;1500671;2021-03-11T14:20:31;1
D2100708;2;;X990327;F4E93A0;1500671;2021-03-15T14:20:39;1
D2100725;2;;X990327;F4E93A0;1500671;2021-03-16T14:28:25;1
D2100744;2;;X990327;F4E93A0;1500671;2021-03-17T15:20:09;1
D2100743;2;;X990327;F4E93A0;1500671;2021-03-17T15:20:09;1
D2100757;2;;X990327;F4E93A0;1500671;2021-03-18T15:40:47;1
D2100764;2;;X990327;F4E93A0;1500671;2021-03-19T15:52:41;1
D2100789;2;;X990327;F4E93A0;1500671;2021-03-24T14:22:02;1
D2100791;2;;X990327;F4E93A0;1500671;2021-03-24T15:20:33;1
D2100792;2;;X990327;F4E93A0;1500671;2021-03-24T15:20:33;1
D2100796;2;;X990327;F4E93A0;1500671;2021-03-25T10:00:53;1
D2100797;2;;X990327;F4E93A0;1500671;2021-03-25T10:00:53;1
D2100794;2;;X990327;F4E93A0;1500671;2021-03-25T10:00:33;1
D2100798;2;;X990327;F4E93A0;1500671;2021-03-25T10:00:53;1
D2100795;2;;X990327;F4E93A0;1500671;2021-03-25T10:00:53;1
D2100814;2;;X990327;F4E93A0;1500671;2021-03-29T14:00:15;1
D2100816;2;;X990327;F4E93A0;1500671;2021-03-29T14:40:54;1
D2100837;2;;X990327;F4E93A0;1500671;2021-03-31T13:46:02;1
D2100853;2;;X990327;F4E93A0;1500671;2021-04-01T12:01:16;1
D2100863;2;;X990327;F4E93A0;1500671;2021-04-02T14:21:33;1
D2100864;2;;X990327;F4E93A0;1500671;2021-04-02T14:23:00;1
D2100922;2;;X990327;F4E93A0;1500671;2021-04-08T16:56:39;1
D2100951;2;;X990327;F4E93A0;1500671;2021-04-14T12:20:20;1
D2100952;2;;X990327;F4E93A0;1500671;2021-04-14T12:20:20;1
D2100969;2;;X990327;F4E93A0;1500671;2021-04-16T13:00:37;1
D2100971;2;;X990327;F4E93A0;1500671;2021-04-16T13:20:30;1
D2100975;2;;X990327;F4E93A0;1500671;2021-04-16T15:24:28;1
D2100985;2;;X990327;F4E93A0;1500671;2021-04-19T13:01:13;1
D2100983;2;;X990327;F4E93A0;1500671;2021-04-19T13:00:15;1
D2101030;2;;X990327;F4E93A0;1500671;2021-04-27T10:40:20;1
D2101192;2;;X990327;F4E93A0;1500671;2021-05-07T14:40:18;1
D2101195;2;;X990327;F4E93A0;1500671;2021-05-07T14:40:18;1
D2101191;2;;X990327;F4E93A0;1500671;2021-05-07T14:40:18;1
D2101193;2;;X990327;F4E93A0;1500671;2021-05-07T14:40:18;1
D2101194;2;;X990327;F4E93A0;1500671;2021-05-07T14:40:18;1
D2101196;2;;X990327;F4E93A0;1500671;2021-05-07T15:00:07;1
D2101197;2;;X990327;F4E93A0;1500671;2021-05-07T15:00:07;1
D2101202;2;;X990327;F4E93A0;1500671;2021-05-10T12:00:08;1
D2101204;2;;X990327;F4E93A0;1500671;2021-05-10T14:00:16;1
D2101213;2;;PT20055;F4E93A0;24212613;2021-05-11T17:39:51;1
D2101219;2;;X990327;F4E93A0;1500671;2021-05-12T12:20:26;1
D2101220;2;;X990327;F4E93A0;1500671;2021-05-12T12:20:26;1
D2101221;2;;X990327;F4E93A0;1500671;2021-05-12T12:20:26;1
D2101269;2;;X990327;F4E93A0;1500671;2021-05-19T14:23:20;1
D2101331;2;;X990327;F4E93A0;1500671;2021-05-26T10:41:08;1
D2101332;2;;X990327;F4E93A0;1500671;2021-05-26T10:41:08;1
D2101333;2;;X990327;F4E93A0;1500671;2021-05-26T10:41:08;1
D2101334;2;;X990327;F4E93A0;1500671;2021-05-26T10:41:08;1
D2101335;2;;X990327;F4E93A0;1500671;2021-05-26T10:41:08;1
D2101369;2;;PT20055;F4E93A0;24212613;2021-05-28T16:25:13;1
D2101400;2;;X990327;F4E93A0;1500671;2021-06-02T14:00:26;1
D2101401;2;;X990327;F4E93A0;1500671;2021-06-02T14:00:26;1
D2101402;2;;X990327;F4E93A0;1500671;2021-06-02T14:40:51;1
D2101403;2;;X990327;F4E93A0;1500671;2021-06-02T14:40:51;1
D2101404;2;;X990327;F4E93A0;1500671;2021-06-02T14:43:58;1
D2101446;2;;X990327;F4E93A0;1500671;2021-06-07T15:42:51;1
D2101449;2;;X990327;F4E93A0;1500671;2021-06-07T15:42:51;1
D2101447;2;;X990327;F4E93A0;1500671;2021-06-07T15:42:51;1
D2101444;2;;X990327;F4E93A0;1500671;2021-06-07T15:41:28;1
D2101445;2;;X990327;F4E93A0;1500671;2021-06-07T15:42:50;1
D2101448;2;;X990327;F4E93A0;1500671;2021-06-07T15:42:51;1
D2101471;2;;X990327;F4E93A0;1500671;2021-06-09T15:00:06;1
D2101489;2;;X990327;F4E93A0;1500671;2021-06-10T17:40:23;1
D2101501;2;;X990327;F4E93A0;1500671;2021-06-11T12:40:51;1
D2101519;2;;X990327;F4E93A0;1500671;2021-06-15T11:40:57;1
D2101522;2;;X990327;F4E93A0;1500671;2021-06-15T11:40:57;1
D2101521;2;;X990327;F4E93A0;1500671;2021-06-15T11:40:57;1
D2101524;2;;X990327;F4E93A0;1500671;2021-06-15T12:00:06;1
D2101531;2;;X990327;F4E93A0;1500671;2021-06-16T09:23:00;1
D2101536;2;;X990327;F4E93A0;1500671;2021-06-16T14:00:30;1
D2101537;2;;X990327;F4E93A0;1500671;2021-06-16T14:20:24;1
D2101538;2;;X990327;F4E93A0;1500671;2021-06-16T15:00:04;1
D2101539;2;;X990327;F4E93A0;1500671;2021-06-16T15:00:04;1
D2101596;2;;X990327;F4E93A0;1500671;2021-06-22T14:00:12;1
D2101597;2;;X990327;F4E93A0;1500671;2021-06-22T15:00:16;1
D2101598;2;;X990327;F4E93A0;1500671;2021-06-22T15:20:27;1
D2101599;2;;X990327;F4E93A0;1500671;2021-06-22T15:20:27;1
D2101638;2;;X990327;F4E93A0;1500671;2021-06-25T15:20:03;1
D2101653;2;;X990327;F4E93A0;1500671;2021-06-29T10:21:01;1
D2101651;2;;X990327;F4E93A0;1500671;2021-06-29T10:21:01;1
D2101658;2;;X990327;F4E93A0;1500671;2021-06-29T11:00:50;1
D2101656;2;;X990327;F4E93A0;1500671;2021-06-29T11:00:22;1
D2101655;2;;X990327;F4E93A0;1500671;2021-06-29T11:00:22;1
D2101659;2;;X990327;F4E93A0;1500671;2021-06-29T11:00:50;1
D2101664;2;;X990327;F4E93A0;1500671;2021-06-29T14:00:28;1
D2101663;2;;X990327;F4E93A0;1500671;2021-06-29T14:00:28;1
D2101665;2;;X990327;F4E93A0;1500671;2021-06-29T14:48:27;1
D2101710;2;;X990327;F4E93A0;1500671;2021-07-05T09:41:01;1
D2101723;2;;X990327;F4E93A0;1500671;2021-07-05T14:00:10;1
D2101727;2;;X990327;F4E93A0;1500671;2021-07-06T10:22:11;1
D2101728;2;;X990327;F4E93A0;1500671;2021-07-06T10:22:11;1
D2101726;2;;X990327;F4E93A0;1500671;2021-07-06T10:22:11;1
D2101725;2;;X990327;F4E93A0;1500671;2021-07-06T10:22:11;1
D2101724;2;;X990327;F4E93A0;1500671;2021-07-06T10:22:11;1
D2101729;2;;X990327;F4E93A0;1500671;2021-07-06T10:41:00;1
D2101751;2;;X990327;F4E93A0;1500671;2021-07-07T14:21:03;1
D2101752;2;;X990327;F4E93A0;1500671;2021-07-07T14:41:08;1
D2101779;2;;X990327;F4E93A0;1500671;2021-07-09T14:21:16;1
D2101778;2;;X990327;F4E93A0;1500671;2021-07-09T14:21:16;1
D2101777;2;;X990327;F4E93A0;1500671;2021-07-09T14:20:46;1
D2101780;2;;X990327;F4E93A0;1500671;2021-07-09T14:21:16;1
D2101802;2;;X990327;F4E93A0;1500671;2021-07-13T12:21:24;1
D2101803;2;;X990327;F4E93A0;1500671;2021-07-13T12:21:24;1
D2101801;2;;X990327;F4E93A0;1500671;2021-07-13T12:20:33;1
D2101804;2;;X990327;F4E93A0;1500671;2021-07-13T12:40:07;1
D2101805;2;;X990327;F4E93A0;1500671;2021-07-13T12:40:24;1
D2101806;2;;X990327;F4E93A0;1500671;2021-07-13T13:00:57;1
D2101808;2;;X990327;F4E93A0;1500671;2021-07-13T13:20:19;1
D2101810;2;;X990327;F4E93A0;1500671;2021-07-13T14:00:38;1
D2101813;2;;X990327;F4E93A0;1500671;2021-07-13T14:20:10;1
D2101812;2;;X990327;F4E93A0;1500671;2021-07-13T14:20:10;1
D2101850;2;;X990327;F4E93A0;1500671;2021-07-19T14:42:42;1
D2102116;2;;X990327;F4E93A0;1500671;2021-08-25T17:29:15;1
D2102145;2;;X990327;F4E93A0;1500671;2021-08-31T14:38:23;1
D2102175;2;;X990327;F4E93A0;1500671;2021-09-02T14:54:56;1
D2102177;2;;X990327;F4E93A0;1500671;2021-09-02T15:07:46;1
D2102176;2;;X990327;F4E93A0;1500671;2021-09-02T15:05:22;1
D2102178;2;;X990327;F4E93A0;1500671;2021-09-02T15:16:23;1
D2102197;2;;X990327;F4E93A0;1500671;2021-09-06T09:46:38;1
D2102206;2;;X990327;F4E93A0;1500671;2021-09-06T14:55:55;1
D2102205;2;;X990327;F4E93A0;1500671;2021-09-06T14:55:35;1
D2102207;2;;X990327;F4E93A0;1500671;2021-09-06T14:56:13;1
D2102210;2;;X990327;F4E93A0;1500671;2021-09-06T16:49:54;1
D2102211;2;;X990327;F4E93A0;1500671;2021-09-07T09:17:59;1
D2102323;2;;X990327;F4E93A0;1500671;2021-09-16T09:56:56;1
D2102339;2;;X990327;F4E93A0;1500671;2021-09-17T11:52:01;1
D2102354;2;;X990327;F4E93A0;1500671;2021-09-20T14:04:04;1
D2102357;2;;X990327;F4E93A0;1500671;2021-09-20T16:03:21;1
D2102367;2;;X990327;F4E93A0;1500671;2021-09-21T11:01:33;1
D2102427;2;;X990327;F4E93A0;1500671;2021-09-27T16:33:41;1
D2102428;2;;X990327;F4E93A0;1500671;2021-09-27T16:53:42;1
D2102446;2;;X990327;F4E93A0;1500671;2021-09-29T14:04:52;1
D2102456;2;;X990327;F4E93A0;1500671;2021-09-30T10:31:59;1
D2102457;2;;X990327;F4E93A0;1500671;2021-09-30T11:13:02;1
D2102460;2;;X990327;F4E93A0;1500671;2021-09-30T12:02:31;1
D2102470;2;;X990327;F4E93A0;1500671;2021-09-30T14:43:21;1
D2102472;2;;X990327;F4E93A0;1500671;2021-09-30T15:22:58;1
D2102474;2;;X990327;F4E93A0;1500671;2021-09-30T15:51:23;1
D2102491;2;;X990327;F4E93A0;1500671;2021-10-01T16:23:21;1
D2102492;2;;X990327;F4E93A0;1500671;2021-10-01T17:09:03;1
D2102506;2;;X990327;F4E93A0;1500671;2021-10-04T16:08:10;1
D2102513;2;;X990327;F4E93A0;1500671;2021-10-05T10:02:35;1
D2102527;2;;X990327;F4E93A0;1500671;2021-10-05T14:30:53;1
D2102531;2;;X990327;F4E93A0;1500671;2021-10-05T15:08:49;1
D2102541;2;;X990327;F4E93A0;1500671;2021-10-05T17:25:26;1
D2102569;2;;X990327;F4E93A0;1500671;2021-10-08T14:38:38;1
D2102590;2;;X990327;F4E93A0;1500671;2021-10-12T15:52:01;1
D2102592;2;;X990327;F4E93A0;1500671;2021-10-12T16:03:06;1
D2102663;2;;X990327;F4E93A0;1500671;2021-10-18T10:37:22;1
D2102666;2;;X990327;F4E93A0;1500671;2021-10-18T12:07:57;1
D2102703;2;;X990327;F4E93A0;1500671;2021-10-20T14:59:03;1
D2102728;2;;X990327;F4E93A0;1500671;2021-10-25T09:07:12;1
D2102736;2;;X990327;F4E93A0;1500671;2021-10-25T13:44:30;1
D2102737;2;;X990327;F4E93A0;1500671;2021-10-25T14:46:38;1
D2102739;2;;X990327;F4E93A0;1500671;2021-10-25T15:21:58;1
D2102744;2;;X990327;F4E93A0;1500671;2021-10-26T12:30:46;1
D2102746;2;;X990327;F4E93A0;1500671;2021-10-26T13:50:08;1
D2102766;2;;X990327;F4E93A0;1500671;2021-10-27T13:38:31;1
D2102775;2;;DP2100348;F4E93A0;1506168;2021-10-27T16:37:21;1
D2102814;2;;X990327;F4E93A0;1500671;2021-11-03T12:04:29;1
D2102856;2;;X990327;F4E93A0;1500671;2021-11-05T11:40:36;1
D2102859;2;;X990327;F4E93A0;1500671;2021-11-05T14:42:29;1
D2102868;2;;X990327;F4E93A0;1500671;2021-11-08T11:33:49;1
D2102874;2;;X990327;F4E93A0;1500671;2021-11-08T14:32:30;1
D2102876;2;;X990327;F4E93A0;1500671;2021-11-08T15:28:49;1
D2102888;2;;X990327;F4E93A0;1500671;2021-11-09T11:40:02;1
D2102890;2;;X990327;F4E93A0;1500671;2021-11-09T11:48:16;1
D2102891;2;;X990327;F4E93A0;1500671;2021-11-09T12:09:44;1
D2102892;2;;X990327;F4E93A0;1500671;2021-11-09T13:59:34;1
D2102894;2;;X990327;F4E93A0;1500671;2021-11-09T15:27:56;1
D2102911;2;;X990327;F4E93A0;1500671;2021-11-12T10:22:20;1
D2102981;2;;X990327;F4E93A0;1500671;2021-11-19T15:57:09;1
D2102987;2;;X990327;F4E93A0;1500671;2021-11-22T14:42:46;1
D2102988;2;;X990327;F4E93A0;1500671;2021-11-22T14:57:16;1
D2102989;2;;X990327;F4E93A0;1500671;2021-11-22T14:57:48;1
D2102990;2;;X990327;F4E93A0;1500671;2021-11-22T15:15:34;1
D2102994;2;;X990327;F4E93A0;1500671;2021-11-22T15:33:52;1
D2102995;2;;X990327;F4E93A0;1500671;2021-11-22T15:34:25;1
D2102996;2;;X990327;F4E93A0;1500671;2021-11-22T16:12:41;1
D2103102;2;;X990327;F4E93A0;1500671;2021-12-02T17:07:10;1
D2103104;2;;X990327;F4E93A0;1500671;2021-12-02T17:10:33;1
D2103105;2;;X990327;F4E93A0;1500671;2021-12-03T09:53:27;1
D2103107;2;;X990327;F4E93A0;1500671;2021-12-03T10:02:59;1
D2103106;2;;X990327;F4E93A0;1500671;2021-12-03T09:59:29;1
D2103108;2;;X990327;F4E93A0;1500671;2021-12-03T10:09:54;1
D2103109;2;;X990327;F4E93A0;1500671;2021-12-03T10:44:15;1
D2103110;2;;X990327;F4E93A0;1500671;2021-12-03T10:47:56;1
D2103116;2;;X990327;F4E93A0;1500671;2021-12-03T16:13:45;1
D2103123;2;;X990327;F4E93A0;1500671;2021-12-06T10:19:36;1
D2103124;2;;X990327;F4E93A0;1500671;2021-12-06T10:20:27;1
D2103126;2;;X990327;F4E93A0;1500671;2021-12-06T10:23:18;1
D2103125;2;;X990327;F4E93A0;1500671;2021-12-06T10:22:26;1
D2103163;2;;X990327;F4E93A0;1500671;2021-12-07T15:53:14;1
D2103164;2;;X990327;F4E93A0;1500671;2021-12-07T16:00:34;1
D2103165;2;;X990327;F4E93A0;1500671;2021-12-07T16:03:42;1
D2103167;2;;X990327;F4E93A0;1500671;2021-12-07T16:06:28;1
D2103230;2;;X990327;F4E93A0;1500671;2021-12-09T16:43:35;1
D2103232;2;;X990327;F4E93A0;1500671;2021-12-09T16:49:27;1
D2103249;2;;X990327;F4E93A0;1500671;2021-12-10T11:50:10;1
D2103250;2;;X990327;F4E93A0;1500671;2021-12-10T11:56:58;1
D2103251;2;;X990327;F4E93A0;1500671;2021-12-10T12:00:23;1
D2103256;2;;X990327;F4E93A0;1500671;2021-12-10T12:02:34;1
D2103292;2;;X990327;F4E93A0;1500671;2021-12-13T16:27:03;1
D2103295;2;;X990327;F4E93A0;1500671;2021-12-14T11:12:55;1
D2103297;2;;X990327;F4E93A0;1500671;2021-12-14T11:19:17;1
D2103301;2;;X990327;F4E93A0;1500671;2021-12-14T11:32:29;1
D2103300;2;;X990327;F4E93A0;1500671;2021-12-14T11:30:14;1
D2103376;2;;X990327;F4E93A0;1500671;2021-12-22T15:25:09;1
D2103379;2;;X990327;F4E93A0;1500671;2021-12-22T16:37:38;1
D2103372;2;;X990327;F4E93A0;1500671;2021-12-22T14:54:51;1
D2103380;2;;X990327;F4E93A0;1500671;2021-12-22T16:46:35;1
D2103377;2;;X990327;F4E93A0;1500671;2021-12-22T15:55:31;1
D2103378;2;;X990327;F4E93A0;1500671;2021-12-22T16:21:02;1
D2103373;2;;X990327;F4E93A0;1500671;2021-12-22T15:03:31;1
D2103542;2;;X990327;F4E93A0;1500671;2021-12-31T14:24:16;1
D2103543;2;;X990327;F4E93A0;1500671;2021-12-31T14:38:20;1
D2200014;2;;X990327;F4E93A0;1500671;2022-01-03T16:40:05;1
D2200015;2;;X990327;F4E93A0;1500671;2022-01-03T16:43:25;1
D2200034;2;;X990327;F4E93A0;1500671;2022-01-05T10:09:31;1
D2200035;2;;X990327;F4E93A0;1500671;2022-01-05T10:11:10;1
D2200036;2;;X990327;F4E93A0;1500671;2022-01-05T10:14:24;1
D2200159;2;;X990327;F4E93A0;1500671;2022-01-17T16:18:32;1
D2200196;2;;X990327;F4E93A0;1500671;2022-01-20T14:11:18;1
D2200210;2;;X990327;F4E93A0;1500671;2022-01-21T15:32:51;1
D2200211;2;;X990327;F4E93A0;1500671;2022-01-21T15:38:54;1
D2200240;2;;X990327;F4E93A0;1500671;2022-01-24T17:13:22;1
D2200241;2;;X990327;F4E93A0;1500671;2022-01-24T17:21:41;1
D2200242;2;;X990327;F4E93A0;1500671;2022-01-24T17:41:38;1
D2200243;2;;X990327;F4E93A0;1500671;2022-01-24T17:44:09;1
D2200252;2;;X990327;F4E93A0;1500671;2022-01-25T16:20:09;1
D2200288;2;;X990327;F4E93A0;1500671;2022-01-28T15:02:05;1
D2200289;2;;X990327;F4E93A0;1500671;2022-01-28T15:05:44;1
D2200290;2;;X990327;F4E93A0;1500671;2022-01-28T15:27:56;1
D2200291;2;;X990327;F4E93A0;1500671;2022-01-28T15:32:46;1
D2200292;2;;X990327;F4E93A0;1500671;2022-01-28T15:58:46;1
D2200322;2;;X990327;F4E93A0;1500671;2022-02-01T12:20:22;1
D2200323;2;;X990327;F4E93A0;1500671;2022-02-01T12:40:37;1
D2200324;2;;X990327;F4E93A0;1500671;2022-02-01T13:00:44;1
D2200330;2;;X990327;F4E93A0;1500671;2022-02-01T15:46:37;1
D2200347;2;;X990327;F4E93A0;1500671;2022-02-02T15:32:21;1
D2200346;2;;X990327;F4E93A0;1500671;2022-02-02T15:29:25;1
D2200349;2;;X990327;F4E93A0;1500671;2022-02-02T17:11:31;1
D2200350;2;;X990327;F4E93A0;1500671;2022-02-02T17:15:55;1
D2200357;2;;X990327;F4E93A0;1500671;2022-02-03T11:59:10;1
D2200358;2;;X990327;F4E93A0;1500671;2022-02-03T12:04:36;1
D2200374;2;;X990327;F4E93A0;1500671;2022-02-03T14:56:12;1
D2200432;2;;X990327;F4E93A0;1500671;2022-02-10T13:02:58;1
D2200433;2;;X990327;F4E93A0;1500671;2022-02-10T13:05:39;1
D2200439;2;;X990327;F4E93A0;1500671;2022-02-10T15:30:54;1
D2200440;2;;X990327;F4E93A0;1500671;2022-02-10T15:48:53;1
D2200449;2;;X990327;F4E93A0;1500671;2022-02-11T15:23:10;1
D2200450;2;;X990327;F4E93A0;1500671;2022-02-11T15:26:41;1
D2200452;2;;X990327;F4E93A0;1500671;2022-02-11T15:28:37;1
D2200472;2;;X990327;F4E93A0;1500671;2022-02-14T16:50:12;1
D2200475;2;;X990327;F4E93A0;1500671;2022-02-14T16:52:43;1
D2200477;2;;X990327;F4E93A0;1500671;2022-02-14T16:58:57;1
D2200476;2;;X990327;F4E93A0;1500671;2022-02-14T16:55:18;1
D2200491;2;;X990327;F4E93A0;1500671;2022-02-15T10:39:45;1
D2200538;2;;X990327;F4E93A0;1500671;2022-02-17T15:21:05;1
D2200541;2;;X990327;F4E93A0;1500671;2022-02-17T15:48:36;1
D2200592;2;;X990327;F4E93A0;1500671;2022-02-21T15:07:49;1
D2200595;2;;X990327;F4E93A0;1500671;2022-02-21T15:10:46;1
D2200594;2;;X990327;F4E93A0;1500671;2022-02-21T15:10:01;1
D2200593;2;;X990327;F4E93A0;1500671;2022-02-21T15:09:19;1
D2200598;2;;X990327;F4E93A0;1500671;2022-02-21T15:21:58;1
D2200604;2;;X990327;F4E93A0;1500671;2022-02-21T15:27:49;1
D2200600;2;;X990327;F4E93A0;1500671;2022-02-21T15:24:32;1
D2200609;2;;X990327;F4E93A0;1500671;2022-02-21T15:53:01;1
D2200615;2;;X990327;F4E93A0;1500671;2022-02-21T15:53:56;1
D2200694;2;;X990327;F4E93A0;1500671;2022-02-24T16:23:17;1
D2200695;2;;X990327;F4E93A0;1500671;2022-02-24T16:23:31;1
D2200728;2;;X990327;F4E93A0;1500671;2022-03-01T11:40:59;1
D2200729;2;;X990327;F4E93A0;1500671;2022-03-01T11:43:28;1
D2200730;2;;X990327;F4E93A0;1500671;2022-03-01T11:47:45;1
D2200753;2;;X990327;F4E93A0;1500671;2022-03-02T15:03:38;1
D2200795;2;;X990327;F4E93A0;1500671;2022-03-07T09:40:34;1
D2200794;2;;X990327;F4E93A0;1500671;2022-03-07T09:40:34;1
D2200831;2;;X990327;F4E93A0;1500671;2022-03-07T16:04:49;1
D2200837;2;;X990327;F4E93A0;1500671;2022-03-08T10:27:51;1
D2200858;2;;X990327;F4E93A0;1500671;2022-03-09T10:22:05;1
D2200802;2;;X990327;F4E93A0;1500671;2022-03-07T11:50:40;1
D2200868;2;;X990327;F4E93A0;1500671;2022-03-09T15:42:09;1
D2200916;2;;X990327;F4E93A0;1500671;2022-03-14T15:34:04;1
D2200917;2;;X990327;F4E93A0;1500671;2022-03-14T15:49:44;1
D2200919;2;;X990327;F4E93A0;1500671;2022-03-14T16:24:14;1
D2200925;2;;X990327;F4E93A0;1500671;2022-03-15T10:22:33;1
D2200926;2;;X990327;F4E93A0;1500671;2022-03-15T10:30:54;1
D2200927;2;;X990327;F4E93A0;1500671;2022-03-15T10:45:49;1
D2200930;2;;X990327;F4E93A0;1500671;2022-03-15T11:12:53;1
D2200931;2;;X990327;F4E93A0;1500671;2022-03-15T11:18:44;1
D2200932;2;;X990327;F4E93A0;1500671;2022-03-15T11:35:45;1
D2200958;2;;X990327;F4E93A0;1500671;2022-03-16T10:43:49;1
D2200962;2;;X990327;F4E93A0;1500671;2022-03-16T11:56:40;1
D2201004;2;;X990327;F4E93A0;1500671;2022-03-21T10:46:22;1
D2201003;2;;X990327;F4E93A0;1500671;2022-03-21T10:39:35;1
D2201005;2;;X990327;F4E93A0;1500671;2022-03-21T10:51:37;1
D2201009;2;;X990327;F4E93A0;1500671;2022-03-21T12:03:46;1
D2201022;2;;X990327;F4E93A0;1500671;2022-03-22T11:00:55;1
D2201023;2;;X990327;F4E93A0;1500671;2022-03-22T11:01:29;1
D2201026;2;;X990327;F4E93A0;1500671;2022-03-22T11:45:06;1
D2201025;2;;X990327;F4E93A0;1500671;2022-03-22T11:40:18;1
D2201041;2;;X990327;F4E93A0;1500671;2022-03-23T10:39:55;1
D2201053;2;;X990327;F4E93A0;1500671;2022-03-23T16:54:25;1
D2201087;2;;X990327;F4E93A0;1500671;2022-03-25T15:30:08;1
D2201086;2;;X990327;F4E93A0;1500671;2022-03-25T15:28:53;1
D2201089;2;;X990327;F4E93A0;1500671;2022-03-25T15:38:08;1
D2201092;2;;PT20055;F4E93A0;24212613;2022-03-28T09:42:36;1
D2201096;2;;X990327;F4E93A0;1500671;2022-03-28T12:20:42;1
D2201104;2;;X990327;F4E93A0;1500671;2022-03-28T14:22:15;1
D2201124;2;;X990327;F4E93A0;1500671;2022-03-29T14:41:52;1
D2201127;2;;X990327;F4E93A0;1500671;2022-03-29T14:58:57;1
D2201128;2;;X990327;F4E93A0;1500671;2022-03-29T15:25:07;1
D2201195;2;;X990327;F4E93A0;1500671;2022-04-04T14:25:57;1
D2201197;2;;X990327;F4E93A0;1500671;2022-04-04T14:32:40;1
D2201198;2;;X990327;F4E93A0;1500671;2022-04-04T14:40:11;1
D2201199;2;;X990327;F4E93A0;1500671;2022-04-04T14:52:11;1
D2201200;2;;X990327;F4E93A0;1500671;2022-04-04T14:57:06;1
D2201201;2;;X990327;F4E93A0;1500671;2022-04-04T15:00:51;1
D2201204;2;;X990327;F4E93A0;1500671;2022-04-04T15:19:48;1
D2201213;2;;X990327;F4E93A0;1500671;2022-04-05T07:54:16;1
D2201215;2;;PT20055;F4E93A0;24212613;2022-04-05T10:21:49;1
D2201236;2;;X990327;F4E93A0;1500671;2022-04-06T13:50:32;1
D2201238;2;;X990327;F4E93A0;1500671;2022-04-06T14:18:27;1
D2201269;2;;X990327;F4E93A0;1500671;2022-04-08T15:52:30;1
D2201270;2;;X990327;F4E93A0;1500671;2022-04-08T16:16:59;1
D2201284;2;;X990327;F4E93A0;1500671;2022-04-11T16:25:10;1
D2201285;2;;X990327;F4E93A0;1500671;2022-04-11T16:31:23;1
D2201287;2;;X990327;F4E93A0;1500671;2022-04-11T16:49:25;1
D2201309;2;;X990327;F4E93A0;1500671;2022-04-13T11:53:14;1
D2201327;2;;X990327;F4E93A0;1500671;2022-04-14T10:29:40;1
D2201346;2;;X990327;F4E93A0;1500671;2022-04-15T12:16:05;1
D2201357;2;;X990327;F4E93A0;1500671;2022-04-15T16:36:56;1
D2201364;2;;X990327;F4E93A0;1500671;2022-04-19T16:04:15;1
D2201369;2;;X990327;F4E93A0;1500671;2022-04-20T14:08:09;1
D2201429;2;;X990327;F4E93A0;1500671;2022-04-25T16:05:07;1
D2201431;2;;X990327;F4E93A0;1500671;2022-04-25T17:24:54;1
D2201454;2;;X990327;F4E93A0;1500671;2022-04-27T10:51:54;1
D2201453;2;;X990327;F4E93A0;1500671;2022-04-27T10:49:43;1
D2201480;2;;X990327;F4E93A0;1500671;2022-04-29T12:16:50;1
D2201491;2;;X990327;F4E93A0;1500671;2022-05-02T12:18:44;1
D2201493;2;;X990327;F4E93A0;1500671;2022-05-02T12:27:50;1
D2201492;2;;X990327;F4E93A0;1500671;2022-05-02T12:23:43;1
D2201504;2;;X990327;F4E93A0;1500671;2022-05-03T15:27:49;1
D2201580;2;;X990327;F4E93A0;1500671;2022-05-11T09:22:16;1
D2201559;2;;X990327;F4E93A0;1500671;2022-05-10T10:09:58;1
D2201565;2;;X990327;F4E93A0;1500671;2022-05-10T10:22:57;1
D2201593;2;;X990327;F4E93A0;1500671;2022-05-11T21:50:02;1
D2201562;2;;X990327;F4E93A0;1500671;2022-05-10T10:19:34;1
D2201581;2;;X990327;F4E93A0;1500671;2022-05-11T09:26:31;1
D2201558;2;;X990327;F4E93A0;1500671;2022-05-10T10:07:34;1
D2201566;2;;X990327;F4E93A0;1500671;2022-05-10T10:28:06;1
D2201561;2;;X990327;F4E93A0;1500671;2022-05-10T10:16:06;1
D2201628;2;;X990327;F4E93A0;1500671;2022-05-16T11:32:09;1
D2201629;2;;X990327;F4E93A0;1500671;2022-05-16T11:36:15;1
D2201630;2;;X990327;F4E93A0;1500671;2022-05-16T11:40:27;1
D2201631;2;;X990327;F4E93A0;1500671;2022-05-16T11:44:34;1
D2201702;2;;X990327;F4E93A0;1500671;2022-05-19T15:28:54;1
D2201703;2;;X990327;F4E93A0;1500671;2022-05-19T16:09:51;1
D2201704;2;;X990327;F4E93A0;1500671;2022-05-19T16:22:11;1
D2201744;2;;X990327;F4E93A0;1500671;2022-05-23T11:23:47;1
D2201745;2;;X990327;F4E93A0;1500671;2022-05-23T11:28:04;1
D2201746;2;;X990327;F4E93A0;1500671;2022-05-23T11:33:10;1
D2201751;2;;X990327;F4E93A0;1500671;2022-05-23T15:23:25;1
D2201752;2;;X990327;F4E93A0;1500671;2022-05-23T15:32:07;1
D2201753;2;;X990327;F4E93A0;1500671;2022-05-23T15:35:32;1
D2201764;2;;X990327;F4E93A0;1500671;2022-05-24T09:47:19;1
D2201765;2;;X990327;F4E93A0;1500671;2022-05-24T09:54:16;1
D2201766;2;;X990327;F4E93A0;1500671;2022-05-24T09:59:55;1
D2201768;2;;X990327;F4E93A0;1500671;2022-05-24T10:54:30;1
D2201769;2;;X990327;F4E93A0;1500671;2022-05-24T10:59:42;1
D2201786;2;;X990327;F4E93A0;1500671;2022-05-25T16:13:44;1
D2201823;2;;X990327;F4E93A0;1500671;2022-06-01T13:29:44;1
D2201824;2;;X990327;F4E93A0;1500671;2022-06-01T14:38:21;1
D2201858;2;;X990327;F4E93A0;1500671;2022-06-03T10:17:52;1
D2201859;2;;X990327;F4E93A0;1500671;2022-06-03T10:31:31;1
D2201891;2;;X990327;F4E93A0;1500671;2022-06-07T11:46:49;1
D2201898;2;;X990327;F4E93A0;1500671;2022-06-07T13:48:27;1
D2201903;2;;X990327;F4E93A0;1500671;2022-06-07T14:19:36;1
D2201904;2;;X990327;F4E93A0;1500671;2022-06-07T14:35:36;1
D2201905;2;;X990327;F4E93A0;1500671;2022-06-07T14:46:46;1
D2201906;2;;X990327;F4E93A0;1500671;2022-06-07T15:16:34;1
D2201916;2;;X990327;F4E93A0;1500671;2022-06-08T14:36:28;1
D2201947;2;;X990327;F4E93A0;1500671;2022-06-10T12:30:03;1
D2201948;2;;X990327;F4E93A0;1500671;2022-06-10T14:00:14;1
D2201952;2;;X990327;F4E93A0;1500671;2022-06-10T14:13:20;1
D2201951;2;;X990327;F4E93A0;1500671;2022-06-10T14:10:01;1
D2202000;2;;X990327;F4E93A0;1500671;2022-06-14T13:33:26;1
D2202033;2;;X990327;F4E93A0;1500671;2022-06-16T10:50:46;1
D2202032;2;;X990327;F4E93A0;1500671;2022-06-16T10:48:29;1
D2202074;2;;X990327;F4E93A0;1500671;2022-06-21T11:10:32;1
D2202075;2;;X990327;F4E93A0;1500671;2022-06-21T11:15:45;1
D2202077;2;;X990327;F4E93A0;1500671;2022-06-21T11:23:23;1
D2202107;2;;X990327;F4E93A0;1500671;2022-06-24T09:28:17;1
D2202109;2;;X990327;F4E93A0;1500671;2022-06-24T09:33:41;1
D2202127;2;;X990327;F4E93A0;1500671;2022-06-24T12:09:08;1
D2202155;2;;X990327;F4E93A0;1500671;2022-06-28T14:17:25;1
D2202156;2;;X990327;F4E93A0;1500671;2022-06-28T14:25:56;1
D2202158;2;;X990327;F4E93A0;1500671;2022-06-28T14:32:50;1
D2202157;2;;X990327;F4E93A0;1500671;2022-06-28T14:28:44;1
D2202160;2;;X990327;F4E93A0;1500671;2022-06-28T15:56:19;1
D2202188;2;;X990327;F4E93A0;1500671;2022-07-01T08:24:56;1
D2202189;2;;X990327;F4E93A0;1500671;2022-07-01T08:37:04;1
D2202197;2;;X990327;F4E93A0;1500671;2022-07-04T08:29:23;1
D2202208;2;;X990327;F4E93A0;1500671;2022-07-05T09:10:07;1
D2202209;2;;X990327;F4E93A0;1500671;2022-07-05T09:14:13;1
D2202242;2;;X990327;F4E93A0;1500671;2022-07-06T13:38:50;1
D2202280;2;;X990327;F4E93A0;1500671;2022-07-08T14:06:48;1
D2202281;2;;X990327;F4E93A0;1500671;2022-07-08T14:10:58;1
D2202283;2;;X990327;F4E93A0;1500671;2022-07-08T14:16:33;1
D2202282;2;;X990327;F4E93A0;1500671;2022-07-08T14:14:00;1
D2202284;2;;X990327;F4E93A0;1500671;2022-07-08T14:21:57;1
D2202300;2;;X990327;F4E93A0;1500671;2022-07-11T12:40:10;1
D2202303;2;;X990327;F4E93A0;1500671;2022-07-11T13:29:37;1
D2202333;2;;X990327;F4E93A0;1500671;2022-07-15T10:41:23;1
D2202344;2;;X990327;F4E93A0;1500671;2022-07-18T14:05:44;1
D2202348;2;;X990327;F4E93A0;1500671;2022-07-18T14:25:21;1
D2202420;2;;X990327;F4E93A0;1500671;2022-07-25T13:11:21;1
D2202421;2;;X990327;F4E93A0;1500671;2022-07-25T13:24:59;1
D2202422;2;;X990327;F4E93A0;1500671;2022-07-25T13:35:11;1
D2202424;2;;X990327;F4E93A0;1500671;2022-07-25T13:48:22;1
D2202452;2;;X990327;F4E93A0;1500671;2022-07-26T15:40:43;1
D2202453;2;;X990327;F4E93A0;1500671;2022-07-26T15:55:03;1
D2202454;2;;X990327;F4E93A0;1500671;2022-07-26T16:27:12;1
D2202493;2;;PT20055;F4E93A0;24212613;2022-07-29T09:18:20;1
D2202512;2;;X990327;F4E93A0;1500671;2022-08-01T11:53:40;1
D2202514;2;;X990327;F4E93A0;1500671;2022-08-01T12:01:58;1
D2202515;2;;X990327;F4E93A0;1500671;2022-08-01T12:05:52;1
D2202527;2;;X990327;F4E93A0;1500671;2022-08-02T09:44:50;1
D2202529;2;;X990327;F4E93A0;1500671;2022-08-02T09:57:34;1
D2202528;2;;X990327;F4E93A0;1500671;2022-08-02T09:55:19;1
D2202532;2;;X990327;F4E93A0;1500671;2022-08-02T16:17:35;1
D2202544;2;;PT20055;F4E93A0;24212613;2022-08-03T15:07:02;1
D2202556;2;;PT20055;F4E93A0;24212613;2022-08-05T09:05:44;1
D2202567;2;;X990327;F4E93A0;1500671;2022-08-05T10:07:06;1
D2202568;2;;X990327;F4E93A0;1500671;2022-08-05T10:11:49;1
D2202570;2;;X990327;F4E93A0;1500671;2022-08-05T10:21:12;1
D2202571;2;;X990327;F4E93A0;1500671;2022-08-05T10:23:35;1
D2202617;2;;X990327;F4E93A0;1500671;2022-08-12T12:09:47;1
D2202623;2;;X990327;F4E93A0;1500671;2022-08-16T10:07:00;1
D2202624;2;;X990327;F4E93A0;1500671;2022-08-16T10:10:25;1
D2202625;2;;X990327;F4E93A0;1500671;2022-08-16T10:38:52;1
D2202626;2;;X990327;F4E93A0;1500671;2022-08-16T10:47:10;1
D2202634;2;;X990327;F4E93A0;1500671;2022-08-17T11:48:54;1
D2202635;2;;X990327;F4E93A0;1500671;2022-08-17T11:54:51;1
D2202636;2;;X990327;F4E93A0;1500671;2022-08-17T12:39:49;1
D2202637;2;;X990327;F4E93A0;1500671;2022-08-17T12:40:17;1
D2202652;2;;X990327;F4E93A0;1500671;2022-08-22T09:58:17;1
D2202656;2;;X990327;F4E93A0;1500671;2022-08-22T13:59:52;1
D2202657;2;;X990327;F4E93A0;1500671;2022-08-22T14:18:06;1
D2202662;2;;X990327;F4E93A0;1500671;2022-08-22T14:32:53;1
D2202690;2;;X990327;F4E93A0;1500671;2022-08-23T12:16:54;1
D2202691;2;;X990327;F4E93A0;1500671;2022-08-23T12:17:43;1
D2202692;2;;X990327;F4E93A0;1500671;2022-08-23T12:18:28;1
D2202694;2;;X990327;F4E93A0;1500671;2022-08-23T14:17:46;1
D2202720;2;;X990327;F4E93A0;1500671;2022-08-24T15:02:09;1
D2202723;2;;X990327;F4E93A0;1500671;2022-08-24T15:24:07;1
D2202770;2;;X990327;F4E93A0;1500671;2022-08-29T10:41:01;1
D2202771;2;;X990327;F4E93A0;1500671;2022-08-29T11:01:35;1
D2202772;2;;X990327;F4E93A0;1500671;2022-08-29T11:04:33;1
D2202773;2;;X990327;F4E93A0;1500671;2022-08-29T11:20:17;1
D2202774;2;;X990327;F4E93A0;1500671;2022-08-29T11:23:42;1
D2202879;2;;X990327;F4E93A0;1500671;2022-09-02T15:37:44;1
D2202905;2;;X990327;F4E93A0;1500671;2022-09-06T08:43:48;1
D2202923;2;;X990327;F4E93A0;1500671;2022-09-06T17:32:12;1
D2202926;2;;X990327;F4E93A0;1500671;2022-09-07T10:44:31;1
D2202933;2;;X990327;F4E93A0;1500671;2022-09-07T13:27:09;1
D2202934;2;;X990327;F4E93A0;1500671;2022-09-07T13:39:29;1
D2202937;2;;X990327;F4E93A0;1500671;2022-09-07T14:50:26;1
D2202950;2;;X990327;F4E93A0;1500671;2022-09-07T16:06:38;1
D2202951;2;;X990327;F4E93A0;1500671;2022-09-07T16:20:39;1
D2202967;2;;X990327;F4E93A0;1500671;2022-09-08T14:46:33;1
D2202968;2;;X990327;F4E93A0;1500671;2022-09-08T14:52:52;1
D2202993;2;;X990327;F4E93A0;1500671;2022-09-09T15:42:19;1
D2202995;2;;X990327;F4E93A0;1500671;2022-09-09T15:45:22;1
D2203013;2;;X990327;F4E93A0;1500671;2022-09-12T16:36:16;1
D2203052;2;;X990327;F4E93A0;1500671;2022-09-14T16:45:43;1
D2203053;2;;X990327;F4E93A0;1500671;2022-09-14T17:03:01;1
D2203116;2;;X990327;F4E93A0;1500671;2022-09-19T15:16:00;1
D2203117;2;;X990327;F4E93A0;1500671;2022-09-19T15:20:08;1
D2203118;2;;X990327;F4E93A0;1500671;2022-09-19T15:22:46;1
D2203119;2;;X990327;F4E93A0;1500671;2022-09-19T15:25:46;1
D2203137;2;;PT20055;F4E93A0;24212613;2022-09-20T11:04:46;1
D2203146;2;;X990327;F4E93A0;1500671;2022-09-20T16:38:04;1
D2203182;2;;X990327;F4E93A0;1500671;2022-09-23T16:11:46;1
D2203200;2;;X990327;F4E93A0;1500671;2022-09-27T10:02:46;1
D2203287;2;;X990327;F4E93A0;1500671;2022-09-30T16:15:53;1
D2203286;2;;X990327;F4E93A0;1500671;2022-09-30T16:14:10;1
D2203288;2;;X990327;F4E93A0;1500671;2022-09-30T16:22:34;1
D2203289;2;;X990327;F4E93A0;1500671;2022-09-30T16:32:54;1
D2203290;2;;X990327;F4E93A0;1500671;2022-09-30T16:40:15;1
D2203304;2;;X990327;F4E93A0;1500671;2022-10-04T09:57:15;1
D2203364;2;;X990327;F4E93A0;1500671;2022-10-06T11:14:31;1
D2203414;2;;X990327;F4E93A0;1500671;2022-10-11T15:07:25;1
D2203541;2;;X990327;F4E93A0;1500671;2022-10-19T14:58:25;1
D2203722;2;;X990327;F4E93A0;1500671;2022-10-28T11:02:48;1
D2204157;2;;PT20055;F4E93A0;24212613;2022-12-05T13:41:52;1
D2204171;2;;DP2100348;F4E93A0;1506168;2022-12-06T11:01:04;1
D2204172;2;;DP2100348;F4E93A0;1506168;2022-12-06T11:01:43;1
D2204275;2;;X990327;F4E93A0;1500671;2022-12-14T14:52:38;1
D2204277;2;;X990327;F4E93A0;1500671;2022-12-14T15:05:50;1
D2204278;2;;X990327;F4E93A0;1500671;2022-12-14T15:11:04;1
D2204279;2;;X990327;F4E93A0;1500671;2022-12-14T15:16:59;1
D2204280;2;;X990327;F4E93A0;1500671;2022-12-14T15:19:28;1
D2204282;2;;X990327;F4E93A0;1500671;2022-12-14T15:24:28;1
D2204283;2;;X990327;F4E93A0;1500671;2022-12-14T15:29:30;1
D2204284;2;;X990327;F4E93A0;1500671;2022-12-14T15:32:34;1
D2204285;2;;X990327;F4E93A0;1500671;2022-12-14T15:36:34;1
D2204288;2;;X990327;F4E93A0;1500671;2022-12-14T15:42:47;1
D2204286;2;;X990327;F4E93A0;1500671;2022-12-14T15:39:01;1
D2204290;2;;X990327;F4E93A0;1500671;2022-12-14T15:45:35;1
D2204291;2;;X990327;F4E93A0;1500671;2022-12-14T15:50:55;1
D2204292;2;;X990327;F4E93A0;1500671;2022-12-14T15:54:37;1
D2204293;2;;X990327;F4E93A0;1500671;2022-12-14T15:56:52;1
D2204294;2;;X990327;F4E93A0;1500671;2022-12-14T16:01:16;1
D2204296;2;;X990327;F4E93A0;1500671;2022-12-14T16:05:07;1
D2204297;2;;X990327;F4E93A0;1500671;2022-12-14T16:09:15;1
D2204323;2;;X990327;F4E93A0;1500671;2022-12-16T11:13:15;1
D2204330;2;;X990327;F4E93A0;1500671;2022-12-19T09:58:53;1
D2204331;2;;X990327;F4E93A0;1500671;2022-12-19T10:14:58;1
D2204332;2;;X990327;F4E93A0;1500671;2022-12-19T10:26:29;1
D2204333;2;;X990327;F4E93A0;1500671;2022-12-19T11:05:43;1
D2204335;2;;X990327;F4E93A0;1500671;2022-12-19T11:25:33;1
D2204337;2;;X990327;F4E93A0;1500671;2022-12-19T11:42:48;1
D2204338;2;;X990327;F4E93A0;1500671;2022-12-19T11:54:22;1
D2204343;2;;X990327;F4E93A0;1500671;2022-12-19T14:45:34;1
D2204344;2;;X990327;F4E93A0;1500671;2022-12-19T14:55:20;1
D2204345;2;;X990327;F4E93A0;1500671;2022-12-19T15:10:52;1
D2204346;2;;X990327;F4E93A0;1500671;2022-12-19T15:23:55;1
D2204347;2;;X990327;F4E93A0;1500671;2022-12-19T15:56:02;1
D2204348;2;;X990327;F4E93A0;1500671;2022-12-19T16:06:19;1
D2204349;2;;X990327;F4E93A0;1500671;2022-12-19T16:15:30;1
D2204350;2;;X990327;F4E93A0;1500671;2022-12-19T16:20:26;1
D2204351;2;;X990327;F4E93A0;1500671;2022-12-19T16:23:00;1
D2204404;2;;X990327;F4E93A0;1500671;2022-12-21T16:38:51;1
D2204405;2;;X990327;F4E93A0;1500671;2022-12-21T16:45:19;1
D2204406;2;;X990327;F4E93A0;1500671;2022-12-21T16:49:43;1
D2204407;2;;X990327;F4E93A0;1500671;2022-12-21T16:54:45;1
D2204416;2;;X990327;F4E93A0;1500671;2022-12-22T12:23:12;1
D2300077;2;;X990327;F4E93A0;1500671;2023-01-10T08:20:33;1
D2300079;2;;X990327;F4E93A0;1500671;2023-01-10T08:30:09;1
D2300080;2;;X990327;F4E93A0;1500671;2023-01-10T08:32:23;1
D2300078;2;;X990327;F4E93A0;1500671;2023-01-10T08:28:54;1
D2300082;2;;X990327;F4E93A0;1500671;2023-01-10T08:46:02;1
D2300081;2;;X990327;F4E93A0;1500671;2023-01-10T08:43:08;1
D2300083;2;;X990327;F4E93A0;1500671;2023-01-10T08:58:31;1
D2300085;2;;X990327;F4E93A0;1500671;2023-01-10T09:02:44;1
D2300086;2;;X990327;F4E93A0;1500671;2023-01-10T09:29:49;1
D2300087;2;;X990327;F4E93A0;1500671;2023-01-10T09:39:29;1
D2300088;2;;X990327;F4E93A0;1500671;2023-01-10T09:42:14;1
D2300089;2;;X990327;F4E93A0;1500671;2023-01-10T09:49:06;1
D2300090;2;;X990327;F4E93A0;1500671;2023-01-10T09:51:05;1
D2300091;2;;X990327;F4E93A0;1500671;2023-01-10T10:08:43;1
D2300092;2;;X990327;F4E93A0;1500671;2023-01-10T10:10:41;1
D2300093;2;;X990327;F4E93A0;1500671;2023-01-10T10:13:53;1
D2300107;2;;X990327;F4E93A0;1500671;2023-01-10T16:12:26;1
D2300108;2;;X990327;F4E93A0;1500671;2023-01-10T17:08:20;1
D2300109;2;;X990327;F4E93A0;1500671;2023-01-10T17:12:36;1
D2300110;2;;X990327;F4E93A0;1500671;2023-01-10T17:17:40;1
D2300157;2;;X990327;F4E93A0;1500671;2023-01-16T11:38:47;1
D2300159;2;;X990327;F4E93A0;1500671;2023-01-16T11:48:48;1
D2300161;2;;X990327;F4E93A0;1500671;2023-01-16T12:06:06;1
D2300235;2;;X990327;F4E93A0;1500671;2023-01-20T10:58:58;1
D2300242;2;;X990327;F4E93A0;1500671;2023-01-20T12:04:46;1
D2300268;2;;X990327;F4E93A0;1500671;2023-01-24T09:43:46;1
D2300299;2;;X990327;F4E93A0;1500671;2023-01-25T09:37:07;1
D2300313;2;;X990327;F4E93A0;1500671;2023-01-26T11:27:45;1
D2300314;2;;X990327;F4E93A0;1500671;2023-01-26T11:31:12;1
D2300315;2;;X990327;F4E93A0;1500671;2023-01-26T11:35:46;1
D2300316;2;;X990327;F4E93A0;1500671;2023-01-26T11:39:21;1
D2300318;2;;X990327;F4E93A0;1500671;2023-01-26T11:46:22;1
D2300317;2;;X990327;F4E93A0;1500671;2023-01-26T11:43:34;1
D2300319;2;;X990327;F4E93A0;1500671;2023-01-26T11:51:02;1
D2300324;2;;X990327;F4E93A0;1500671;2023-01-26T11:58:00;1
D2300321;2;;X990327;F4E93A0;1500671;2023-01-26T11:53:52;1
D2300326;2;;X990327;F4E93A0;1500671;2023-01-26T12:00:40;1
D2300329;2;;X990327;F4E93A0;1500671;2023-01-26T12:05:52;1
D2300327;2;;X990327;F4E93A0;1500671;2023-01-26T12:03:34;1
D2300333;2;;X990327;F4E93A0;1500671;2023-01-26T12:13:00;1
D2300331;2;;X990327;F4E93A0;1500671;2023-01-26T12:10:32;1
D2300335;2;;X990327;F4E93A0;1500671;2023-01-26T12:15:22;1
D2300358;2;;X990327;F4E93A0;1500671;2023-01-26T16:02:12;1
D2300423;2;;X990327;F4E93A0;1500671;2023-01-31T09:50:48;1
D2300431;2;;X990327;F4E93A0;1500671;2023-01-31T12:12:17;1
D2300445;2;;X990327;F4E93A0;1500671;2023-01-31T17:42:45;1
D2300461;2;;X990327;F4E93A0;1500671;2023-02-01T16:16:18;1
D2300462;2;;X990327;F4E93A0;1500671;2023-02-01T16:19:22;1
D2300464;2;;X990327;F4E93A0;1500671;2023-02-01T16:26:37;1
D2300466;2;;X990327;F4E93A0;1500671;2023-02-01T17:01:10;1
D2300481;2;;X990327;F4E93A0;1500671;2023-02-02T15:43:38;1
D2300483;2;;X990327;F4E93A0;1500671;2023-02-02T15:56:54;1
D2300513;2;;X990327;F4E93A0;1500671;2023-02-06T16:41:06;1
D2300534;2;;X990327;F4E93A0;1500671;2023-02-07T11:40:16;1
D2300535;2;;X990327;F4E93A0;1500671;2023-02-07T11:57:52;1
D2300536;2;;X990327;F4E93A0;1500671;2023-02-07T12:03:48;1
D2300549;2;;X990327;F4E93A0;1500671;2023-02-07T15:34:20;1
D2300584;2;;X990327;F4E93A0;1500671;2023-02-10T11:53:06;1
D2300600;2;;DP2100348;F4E93A0;1506168;2023-02-13T09:41:16;1
D2300624;2;;X990327;F4E93A0;1500671;2023-02-13T15:05:57;1
D2300625;2;;X990327;F4E93A0;1500671;2023-02-13T15:08:59;1
D2300628;2;;X990327;F4E93A0;1500671;2023-02-13T15:16:27;1
D2300627;2;;X990327;F4E93A0;1500671;2023-02-13T15:14:20;1
D2300634;2;;X990327;F4E93A0;1500671;2023-02-14T11:06:15;1
D2300644;2;;X990327;F4E93A0;1500671;2023-02-14T15:20:16;1
D2300645;2;;X990327;F4E93A0;1500671;2023-02-14T15:28:50;1
D2300646;2;;X990327;F4E93A0;1500671;2023-02-14T15:58:28;1
D2300648;2;;X990327;F4E93A0;1500671;2023-02-14T16:18:20;1
D2300650;2;;X990327;F4E93A0;1500671;2023-02-14T17:08:17;1
D2300651;2;;X990327;F4E93A0;1500671;2023-02-14T17:17:07;1
D2300704;2;;PT20055;F4E93A0;24212613;2023-02-16T14:38:05;1
D2300705;2;;DP2300050;F4E93A0;24212613;2023-02-16T14:38:53;1
D2300706;2;;PT20055;F4E93A0;24212613;2023-02-16T14:39:47;1
D2300708;2;;X990327;F4E93A0;1500671;2023-02-16T16:12:52;1
D2300710;2;;X990327;F4E93A0;1500671;2023-02-16T18:08:23;1
D2300727;2;;X990327;F4E93A0;1500671;2023-02-17T09:46:34;1
D2300726;2;;X990327;F4E93A0;1500671;2023-02-17T09:44:19;1
D2300728;2;;X990327;F4E93A0;1500671;2023-02-17T09:52:29;1
D2300735;2;;X990327;F4E93A0;1500671;2023-02-17T12:16:13;1
D2300772;2;;X990327;F4E93A0;1500671;2023-02-20T16:25:48;1
D2300785;2;;X990327;F4E93A0;1500671;2023-02-21T14:29:52;1
D2300786;2;;X990327;F4E93A0;1500671;2023-02-21T15:59:54;1
D2300791;2;;X990327;F4E93A0;1500671;2023-02-21T17:20:22;1
D2300967;2;;X990327;F4E93A0;1500671;2023-02-28T14:56:39;1
D2301006;2;;X990327;F4E93A0;1500671;2023-03-01T17:56:00;1
D2301020;2;;X990327;F4E93A0;1500671;2023-03-02T11:13:27;1
D2301022;2;;PT20055;F4E93A0;24212613;2023-03-02T11:25:37;1
D2301033;2;;PT20055;F4E93A0;24212613;2023-03-02T15:01:37;1
D2301096;2;;DP2300050;F4E93A0;24212613;2023-03-07T11:15:32;1
D2301120;2;;X990327;F4E93A0;1500671;2023-03-07T16:04:10;1
D2301128;2;;DP2100348;F4E93A0;1506168;2023-03-08T10:37:55;1
D2301200;2;;X990327;F4E93A0;1500671;2023-03-10T14:46:28;1
D2301201;2;;X990327;F4E93A0;1500671;2023-03-10T14:48:54;1
D2301203;2;;X990327;F4E93A0;1500671;2023-03-10T14:53:06;1
D2301205;2;;X990327;F4E93A0;1500671;2023-03-10T15:00:50;1
D2301204;2;;X990327;F4E93A0;1500671;2023-03-10T14:59:06;1
D2301207;2;;X990327;F4E93A0;1500671;2023-03-10T15:20:26;1
D2301206;2;;X990327;F4E93A0;1500671;2023-03-10T15:18:14;1
D2301208;2;;X990327;F4E93A0;1500671;2023-03-10T15:24:14;1
D2301209;2;;X990327;F4E93A0;1500671;2023-03-10T17:21:25;1
D2301235;2;;X990327;F4E93A0;1500671;2023-03-13T11:44:55;1
D2301254;2;;PT20055;F4E93A0;24212613;2023-03-13T14:04:36;1
D2301303;2;;X990327;F4E93A0;1500671;2023-03-14T09:42:19;1
D2301302;2;;X990327;F4E93A0;1500671;2023-03-14T09:40:15;1
D2301315;2;;X990327;F4E93A0;1500671;2023-03-14T10:46:02;1
D2301314;2;;X990327;F4E93A0;1500671;2023-03-14T10:43:33;1
D2301318;2;;X990327;F4E93A0;1500671;2023-03-14T10:49:36;1
D2301359;2;;DP2300050;F4E93A0;24212613;2023-03-15T12:13:44;1
D2301374;2;;X990327;F4E93A0;1500671;2023-03-15T15:31:12;1
D2301375;2;;X990327;F4E93A0;1500671;2023-03-15T15:34:21;1
D2301377;2;;X990327;F4E93A0;1500671;2023-03-15T15:51:32;1
D2301400;2;;DP2300091;F4E93A0;24212613;2023-03-16T17:08:09;1
D2301410;2;;X990327;F4E93A0;1500671;2023-03-17T14:40:34;1
D2301411;2;;X990327;F4E93A0;1500671;2023-03-17T14:53:58;1
D2301423;2;;X990327;F4E93A0;1500671;2023-03-17T16:09:11;1
D2301424;2;;X990327;F4E93A0;1500671;2023-03-17T16:45:30;1
D2301438;2;;PT20055;F4E93A0;24212613;2023-03-20T13:58:24;1
D2301440;2;;X990327;F4E93A0;1500671;2023-03-20T14:51:36;1
D2301442;2;;X990327;F4E93A0;1500671;2023-03-20T14:54:22;1
D2301444;2;;X990327;F4E93A0;1500671;2023-03-20T15:07:33;1
D2301445;2;;PT20055;F4E93A0;24212613;2023-03-20T15:17:01;1
D2301637;2;;X990327;F4E93A0;1500671;2023-03-28T12:37:53;1
D2301649;2;;X990327;F4E93A0;1500671;2023-03-29T09:24:42;1
D2301655;2;;X990327;F4E93A0;1500671;2023-03-29T09:28:26;1
D2301656;2;;X990327;F4E93A0;1500671;2023-03-29T09:31:14;1
D2301657;2;;X990327;F4E93A0;1500671;2023-03-29T09:33:55;1
D2301673;2;;DP2100348;F4E93A0;1506168;2023-03-29T10:30:40;1
D2301674;2;;DP2100348;F4E93A0;1506168;2023-03-29T10:39:28;1
D2301680;2;;X990327;F4E93A0;1500671;2023-03-29T12:15:50;1
D2301679;2;;X990327;F4E93A0;1500671;2023-03-29T12:14:57;1
D2301708;2;;DP2100348;F4E93A0;1506168;2023-03-30T15:08:43;1
D2301733;2;;X990327;F4E93A0;1500671;2023-03-31T14:44:34;1
D2301734;2;;X990327;F4E93A0;1500671;2023-03-31T14:47:43;1
D2301735;2;;X990327;F4E93A0;1500671;2023-03-31T14:50:58;1
D2301736;2;;X990327;F4E93A0;1500671;2023-03-31T14:53:59;1
D2301737;2;;X990327;F4E93A0;1500671;2023-03-31T15:18:22;1
D2301741;2;;PT20055;F4E93A0;24212613;2023-04-03T11:22:25;1
D2301746;2;;X990327;F4E93A0;1500671;2023-04-03T15:46:38;1
D2301747;2;;X990327;F4E93A0;1500671;2023-04-03T16:01:26;1
D2301758;2;;X990327;F4E93A0;1500671;2023-04-04T14:33:31;1
D2301789;2;;X990327;F4E93A0;1500671;2023-04-04T16:57:46;1
D2301792;2;;X990327;F4E93A0;1500671;2023-04-04T17:32:28;1
D2301812;2;;X990327;F4E93A0;1500671;2023-04-06T14:08:14;1
D2301838;2;;X990327;F4E93A0;1500671;2023-04-11T16:42:13;1
D2301840;2;;X990327;F4E93A0;1500671;2023-04-11T17:28:31;1
D2301841;2;;X990327;F4E93A0;1500671;2023-04-11T17:34:06;1
D2301842;2;;X990327;F4E93A0;1500671;2023-04-11T17:38:09;1
D2301848;2;;X990327;F4E93A0;1500671;2023-04-12T12:08:02;1
D2301860;2;;X990327;F4E93A0;1500671;2023-04-12T15:07:37;1
D2301862;2;;X990327;F4E93A0;1500671;2023-04-12T15:15:28;1
D2301866;2;;X990327;F4E93A0;1500671;2023-04-12T15:27:05;1
D2301867;2;;X990327;F4E93A0;1500671;2023-04-12T16:12:24;1
D2301883;2;;X990327;F4E93A0;1500671;2023-04-13T11:02:56;1
D2301884;2;;X990327;F4E93A0;1500671;2023-04-13T11:20:37;1
D2301885;2;;X990327;F4E93A0;1500671;2023-04-13T11:28:54;1
D2301917;2;;DP2100348;F4E93A0;1506168;2023-04-14T17:14:13;1
D2301934;2;;X990327;F4E93A0;1500671;2023-04-17T15:30:58;1
D2301954;2;;PT20055;F4E93A0;24212613;2023-04-18T15:01:05;1
D2301975;2;;X990327;F4E93A0;1500671;2023-04-20T09:25:18;1
D2301976;2;;X990327;F4E93A0;1500671;2023-04-20T09:48:01;1
D2301978;2;;PT20055;F4E93A0;24212613;2023-04-20T10:00:25;1
D2301977;2;;PT20055;F4E93A0;24212613;2023-04-20T10:00:25;1
D2301980;2;;PT20055;F4E93A0;24212613;2023-04-20T10:27:37;1
D2301981;2;;PT20055;F4E93A0;24212613;2023-04-20T10:30:15;1
D2301987;2;;PT20055;F4E93A0;24212613;2023-04-20T13:00:08;1
D2301999;2;;X990327;F4E93A0;1500671;2023-04-20T15:30:32;1
D2302004;2;;X990327;F4E93A0;1500671;2023-04-20T17:15:40;1
D2302009;2;;PT20055;F4E93A0;24212613;2023-04-21T10:17:40;1
D2302007;2;;X990327;F4E93A0;1500671;2023-04-21T10:13:09;1
D2302008;2;;X990327;F4E93A0;1500671;2023-04-21T10:16:00;1
D2302011;2;;X990327;F4E93A0;1500671;2023-04-21T10:21:07;1
D2302010;2;;X990327;F4E93A0;1500671;2023-04-21T10:18:09;1
D2302023;2;;X990327;F4E93A0;1500671;2023-04-21T16:33:08;1
D2302054;2;;X990327;F4E93A0;1500671;2023-04-25T15:52:02;1
D2302055;2;;X990327;F4E93A0;1500671;2023-04-25T16:01:14;1
D2302056;2;;X990327;F4E93A0;1500671;2023-04-25T16:05:19;1
D2302057;2;;X990327;F4E93A0;1500671;2023-04-25T16:09:19;1
D2302061;2;;X990327;F4E93A0;1500671;2023-04-26T09:19:50;1
D2302084;2;;X990327;F4E93A0;1500671;2023-04-27T09:52:36;1
D2302109;2;;X990327;F4E93A0;1500671;2023-04-28T14:48:46;1
D2302113;2;;X990327;F4E93A0;1500671;2023-04-28T15:44:40;1
D2302116;2;;X990327;F4E93A0;1500671;2023-05-02T10:12:17;1
D2302117;2;;X990327;F4E93A0;1500671;2023-05-02T10:16:06;1
D2302118;2;;X990327;F4E93A0;1500671;2023-05-02T10:23:02;1
D2302119;2;;X990327;F4E93A0;1500671;2023-05-02T10:23:37;1
D2302120;2;;X990327;F4E93A0;1500671;2023-05-02T10:26:34;1
D2302123;2;;X990327;F4E93A0;1500671;2023-05-02T11:48:46;1
D2302129;2;;X990327;F4E93A0;1500671;2023-05-02T15:19:11;1
D2302130;2;;X990327;F4E93A0;1500671;2023-05-02T15:35:04;1
D2302149;2;;PT20055;F4E93A0;24212613;2023-05-03T12:07:26;1
D2302150;2;;PT20055;F4E93A0;24212613;2023-05-03T12:08:54;1
D2302159;2;;X990327;F4E93A0;1500671;2023-05-03T15:23:46;1
D2302184;2;;PT20055;F4E93A0;24212613;2023-05-05T10:48:55;1
D2302206;2;;X990327;F4E93A0;1500671;2023-05-09T14:08:26;1
D2302215;2;;X990327;F4E93A0;1500671;2023-05-09T16:13:58;1
D2302216;2;;X990327;F4E93A0;1500671;2023-05-09T16:48:45;1
D2302217;2;;X990327;F4E93A0;1500671;2023-05-09T16:53:12;1
D2302218;2;;X990327;F4E93A0;1500671;2023-05-09T17:23:32;1
D2302241;2;;X990327;F4E93A0;1500671;2023-05-10T16:37:16;1
D2302242;2;;X990327;F4E93A0;1500671;2023-05-10T16:43:13;1
D2302243;2;;X990327;F4E93A0;1500671;2023-05-10T17:40:44;1
D2302245;2;;PT20055;F4E93A0;24212613;2023-05-11T10:00:14;1
D2302259;2;;X990327;F4E93A0;1500671;2023-05-11T16:51:07;1
D2302268;2;;PT20055;F4E93A0;24212613;2023-05-12T13:01:02;1
D2302271;2;;PT20055;F4E93A0;24212613;2023-05-12T14:01:07;1
D2302290;2;;X990327;F4E93A0;1500671;2023-05-15T11:26:30;1
D2302291;2;;X990327;F4E93A0;1500671;2023-05-15T11:31:41;1
D2302305;2;;X990327;F4E93A0;1500671;2023-05-16T12:16:58;1
D2302367;2;;X990327;F4E93A0;1500671;2023-05-23T10:05:44;1
D2302368;2;;X990327;F4E93A0;1500671;2023-05-23T10:07:40;1
D2302382;2;;X990327;F4E93A0;1500671;2023-05-23T15:01:59;1
D2302383;2;;X990327;F4E93A0;1500671;2023-05-23T15:19:21;1
D2302393;2;;X990327;F4E93A0;1500671;2023-05-24T10:31:40;1
D2302395;2;;X990327;F4E93A0;1500671;2023-05-24T10:37:01;1
D2302396;2;;X990327;F4E93A0;1500671;2023-05-24T10:44:09;1
D2302397;2;;X990327;F4E93A0;1500671;2023-05-24T10:52:09;1
D2302398;2;;X990327;F4E93A0;1500671;2023-05-24T11:06:20;1
D2302413;2;;X990327;F4E93A0;1500671;2023-05-24T14:12:25;1
D2302412;2;;X990327;F4E93A0;1500671;2023-05-24T14:09:53;1
D2302433;2;;X990327;F4E93A0;1500671;2023-05-26T11:59:37;1
D2302462;2;;PT20055;F4E93A0;24212613;2023-05-30T12:22:21;1
D2302474;2;;X990327;F4E93A0;1500671;2023-05-30T16:14:51;1
D2302475;2;;X990327;F4E93A0;1500671;2023-05-30T16:22:08;1
D2302478;2;;X990327;F4E93A0;1500671;2023-05-30T16:34:37;1
D2302479;2;;X990327;F4E93A0;1500671;2023-05-30T16:46:38;1
D2302480;2;;X990327;F4E93A0;1500671;2023-05-30T17:05:36;1
D2302481;2;;X990327;F4E93A0;1500671;2023-05-30T17:14:01;1
D2302514;2;;X990327;F4E93A0;1500671;2023-05-31T12:07:29;1
D2302513;2;;X990327;F4E93A0;1500671;2023-05-31T12:04:30;1
D2302515;2;;X990327;F4E93A0;1500671;2023-05-31T12:10:26;1
D2302519;2;;X990327;F4E93A0;1500671;2023-05-31T13:19:24;1
D2302522;2;;X990327;F4E93A0;1500671;2023-05-31T13:31:04;1
D2302523;2;;X990327;F4E93A0;1500671;2023-05-31T13:41:15;1
D2302524;2;;X990327;F4E93A0;1500671;2023-05-31T13:47:32;1
D2302538;2;;X990327;F4E93A0;1500671;2023-05-31T14:58:50;1
D2302539;2;;PT20055;F4E93A0;24212613;2023-05-31T15:21:26;1
D2302540;2;;X990327;F4E93A0;1500671;2023-05-31T15:43:27;1
D2302542;2;;X990327;F4E93A0;1500671;2023-05-31T16:14:08;1
D2302543;2;;X990327;F4E93A0;1500671;2023-05-31T16:19:26;1
D2302546;2;;X990327;F4E93A0;1500671;2023-05-31T17:14:13;1
D2302620;2;;X990327;F4E93A0;1500671;2023-06-06T10:59:11;1
D2302625;2;;X990327;F4E93A0;1500671;2023-06-06T15:27:51;1
D2302629;2;;X990327;F4E93A0;1500671;2023-06-06T15:48:07;1
D2302628;2;;X990327;F4E93A0;1500671;2023-06-06T15:45:35;1
D2302626;2;;X990327;F4E93A0;1500671;2023-06-06T15:43:29;1
D2302640;2;;X990327;F4E93A0;1500671;2023-06-07T08:39:19;1
D2302641;2;;X990327;F4E93A0;1500671;2023-06-07T08:49:11;1
D2302649;2;;X990327;F4E93A0;1500671;2023-06-07T14:33:58;1
D2302650;2;;X990327;F4E93A0;1500671;2023-06-07T14:37:19;1
D2302651;2;;X990327;F4E93A0;1500671;2023-06-07T14:39:25;1
D2302659;2;;X990327;F4E93A0;1500671;2023-06-08T09:46:38;1
D2302660;2;;X990327;F4E93A0;1500671;2023-06-08T10:04:31;1
D2302661;2;;X990327;F4E93A0;1500671;2023-06-08T10:15:04;1
D2302694;2;;X990327;F4E93A0;1500671;2023-06-09T15:26:21;1
D2302696;2;;X990327;F4E93A0;1500671;2023-06-09T15:42:31;1
D2302697;2;;X990327;F4E93A0;1500671;2023-06-09T16:20:58;1
D2302735;2;;X990327;F4E93A0;1500671;2023-06-13T13:58:20;1
D2302739;2;;X990327;F4E93A0;1500671;2023-06-13T15:08:05;1
D2302736;2;;X990327;F4E93A0;1500671;2023-06-13T14:27:48;1
D2302738;2;;X990327;F4E93A0;1500671;2023-06-13T15:02:51;1
D2302751;2;;DP2300050;F4E93A0;24212613;2023-06-14T07:52:07;1
D2302753;2;;X990327;F4E93A0;1500671;2023-06-14T08:24:43;1
D2302754;2;;X990327;F4E93A0;1500671;2023-06-14T08:50:02;1
D2302782;2;;PT20055;F4E93A0;24212613;2023-06-14T15:03:17;1
D2302792;2;;PT20055;F4E93A0;24212613;2023-06-14T15:52:00;1
D2302799;2;;X990327;F4E93A0;1500671;2023-06-15T08:53:55;1
D2302800;2;;X990327;F4E93A0;1500671;2023-06-15T08:58:48;1
D2302838;2;;X990327;F4E93A0;1500671;2023-06-16T14:10:02;1
D2302839;2;;X990327;F4E93A0;1500671;2023-06-16T14:14:48;1
D2302840;2;;X990327;F4E93A0;1500671;2023-06-16T14:38:32;1
D2302841;2;;X990327;F4E93A0;1500671;2023-06-16T14:46:11;1
D2302842;2;;X990327;F4E93A0;1500671;2023-06-16T14:54:03;1
D2302843;2;;X990327;F4E93A0;1500671;2023-06-16T15:02:36;1
D2302846;2;;X990327;F4E93A0;1500671;2023-06-19T09:40:19;1
D2302882;2;;X990327;F4E93A0;1500671;2023-06-20T11:40:11;1
D2302890;2;;X990327;F4E93A0;1500671;2023-06-20T13:47:40;1
D2302892;2;;X990327;F4E93A0;1500671;2023-06-20T14:11:11;1
D2302894;2;;X990327;F4E93A0;1500671;2023-06-20T14:21:18;1
D2302895;2;;X990327;F4E93A0;1500671;2023-06-20T14:27:14;1
D2302901;2;;X990327;F4E93A0;1500671;2023-06-20T16:09:16;1
D2302904;2;;X990327;F4E93A0;1500671;2023-06-21T10:38:46;1
D2302912;2;;X990327;F4E93A0;1500671;2023-06-21T13:43:21;1
D2302917;2;;X990327;F4E93A0;1500671;2023-06-21T14:02:01;1
D2302924;2;;PT20055;F4E93A0;24212613;2023-06-22T11:40:16;1
D2302935;2;;DP2300050;F4E93A0;24212613;2023-06-22T15:00:32;1
D2302941;2;;X990327;F4E93A0;1500671;2023-06-23T09:19:08;1
D2302979;2;;DP2300050;F4E93A0;24212613;2023-06-27T10:20:14;1
D2302994;2;;DP2300091;F4E93A0;24212613;2023-06-27T13:45:40;1
D2302995;2;;X990327;F4E93A0;1500671;2023-06-27T13:49:19;1
D2303007;2;;PT20055;F4E93A0;24212613;2023-06-28T10:20:12;1
D2303019;2;;DP2300050;F4E93A0;24212613;2023-06-28T13:53:44;1
D2303029;2;;X990327;F4E93A0;1500671;2023-06-29T10:13:39;1
D2303031;2;;X990327;F4E93A0;1500671;2023-06-29T10:37:51;1
D2303038;2;;X990327;F4E93A0;1500671;2023-06-29T11:01:02;1
D2303040;2;;X990327;F4E93A0;1500671;2023-06-29T13:40:13;1
D2303041;2;;X990327;F4E93A0;1500671;2023-06-29T14:08:22;1
D2303042;2;;X990327;F4E93A0;1500671;2023-06-29T14:28:01;1
D2303051;2;;DP2300050;F4E93A0;24212613;2023-06-30T09:06:57;1
D2303052;2;;PT20055;F4E93A0;24212613;2023-06-30T09:08:57;1
D2303086;2;;X990327;F4E93A0;1500671;2023-07-03T12:59:37;1
D2303118;2;;PT20055;F4E93A0;24212613;2023-07-04T15:13:38;1
D2303129;2;;X990327;F4E93A0;1500671;2023-07-05T11:41:03;1
D2303146;2;;X990327;F4E93A0;1500671;2023-07-06T09:20:50;1
D2303193;2;;X990327;F4E93A0;1500671;2023-07-07T14:56:42;1
D2303199;2;;X990327;F4E93A0;1500671;2023-07-10T14:04:18;1
D2303200;2;;X990327;F4E93A0;1500671;2023-07-10T14:17:22;1
D2303201;2;;X990327;F4E93A0;1500671;2023-07-10T14:24:43;1
D2303202;2;;X990327;F4E93A0;1500671;2023-07-10T15:43:03;1
D2303233;2;;DP2300050;F4E93A0;24212613;2023-07-11T15:01:48;1
D2303231;2;;DP2300050;F4E93A0;24212613;2023-07-11T15:01:48;1
D2303238;2;;X990327;F4E93A0;1500671;2023-07-12T09:48:24;1
D2303243;2;;X990327;F4E93A0;1500671;2023-07-12T15:05:08;1
D2303263;2;;X990327;F4E93A0;1500671;2023-07-17T11:18:39;1
D2303273;2;;X990327;F4E93A0;1500671;2023-07-17T14:44:58;1
D2303291;2;;DP2300050;F4E93A0;24212613;2023-07-18T15:08:02;1
D2303292;2;;DP2300050;F4E93A0;24212613;2023-07-18T15:09:13;1
D2303305;2;;X990327;F4E93A0;1500671;2023-07-20T10:56:27;1
D2303331;2;;PT20055;F4E93A0;24212613;2023-07-24T15:51:42;1
D2303333;2;;X990327;F4E93A0;1500671;2023-07-24T17:14:05;1
D2303336;2;;PT20055;F4E93A0;24212613;2023-07-25T09:20:15;1
D2303341;2;;X990327;F4E93A0;1500671;2023-07-25T10:32:33;1
D2303343;2;;X990327;F4E93A0;1500671;2023-07-25T10:44:26;1
D2303368;2;;PT20055;F4E93A0;24212613;2023-07-26T14:27:09;1
D2303374;2;;X990327;F4E93A0;1500671;2023-07-27T09:07:53;1
D2303401;2;;X990327;F4E93A0;1500671;2023-07-28T11:48:44;1
D2303407;2;;X990327;F4E93A0;1500671;2023-07-28T15:17:55;1
D2303408;2;;X990327;F4E93A0;1500671;2023-07-28T15:27:55;1
D2303409;2;;X990327;F4E93A0;1500671;2023-07-28T15:33:51;1
D2303410;2;;X990327;F4E93A0;1500671;2023-07-28T15:55:51;1
D2303425;2;;X990327;F4E93A0;1500671;2023-07-31T15:35:15;1
D2303430;2;;PT20055;F4E93A0;24212613;2023-07-31T16:47:11;1
D2303431;2;;X990327;F4E93A0;1500671;2023-08-01T09:09:38;1
D2303450;2;;X990327;F4E93A0;1500671;2023-08-02T14:05:05;1
D2303463;2;;X990327;F4E93A0;1500671;2023-08-03T09:22:10;1
D2303469;2;;DP2300050;F4E93A0;24212613;2023-08-03T11:03:05;1
D2303476;2;;X990327;F4E93A0;1500671;2023-08-03T15:36:20;1
D2303477;2;;X990327;F4E93A0;1500671;2023-08-03T15:40:50;1
D2303518;2;;X990327;F4E93A0;1500671;2023-08-08T11:56:46;1
D2303519;2;;X990327;F4E93A0;1500671;2023-08-08T12:00:02;1
D2303520;2;;X990327;F4E93A0;1500671;2023-08-08T12:02:50;1
D2303521;2;;X990327;F4E93A0;1500671;2023-08-08T13:59:45;1
D2303529;2;;X990327;F4E93A0;1500671;2023-08-09T13:25:15;1
D2303532;2;;X990327;F4E93A0;1500671;2023-08-09T13:38:05;1
D2303534;2;;X990327;F4E93A0;1500671;2023-08-09T14:08:31;1
D2303536;2;;X990327;F4E93A0;1500671;2023-08-09T15:20:34;1
D2303539;2;;DP2300091;F4E93A0;24212613;2023-08-10T10:20:17;1
D2303545;2;;X990327;F4E93A0;1500671;2023-08-10T16:16:19;1
D2303546;2;;X990327;F4E93A0;1500671;2023-08-10T16:21:42;1
D2303567;2;;X990327;F4E93A0;1500671;2023-08-14T09:50:28;1
D2303570;2;;X990327;F4E93A0;1500671;2023-08-14T10:02:53;1
D2303580;2;;X990327;F4E93A0;1500671;2023-08-16T10:18:17;1
D2303607;2;;PT20055;F4E93A0;24212613;2023-08-18T10:21:05;1
D2303658;2;;X990327;F4E93A0;1500671;2023-08-22T15:33:51;1
D2303660;2;;X990327;F4E93A0;1500671;2023-08-22T15:43:31;1
D2303662;2;;X990327;F4E93A0;1500671;2023-08-22T16:10:27;1
D2303663;2;;X990327;F4E93A0;1500671;2023-08-22T16:21:01;1
D2303664;2;;X990327;F4E93A0;1500671;2023-08-22T16:28:37;1
D2303665;2;;X990327;F4E93A0;1500671;2023-08-22T16:35:39;1
D2303706;2;;PT20055;F4E93A0;24212613;2023-08-24T11:40:14;1
D2303755;2;;X990327;F4E93A0;1500671;2023-08-28T14:55:38;1
D2303756;2;;X990327;F4E93A0;1500671;2023-08-28T15:03:43;1
D2303775;2;;DP2300050;F4E93A0;24212613;2023-08-29T11:31:37;1
D2303778;2;;X990327;F4E93A0;1500671;2023-08-29T11:45:17;1
D2303777;2;;X990327;F4E93A0;1500671;2023-08-29T11:43:43;1
D2303779;2;;X990327;F4E93A0;1500671;2023-08-29T11:55:10;1
D2303780;2;;X990327;F4E93A0;1500671;2023-08-29T12:19:44;1
D2303782;2;;X990327;F4E93A0;1500671;2023-08-29T12:39:30;1
D2303783;2;;X990327;F4E93A0;1500671;2023-08-29T13:15:45;1
D2303811;2;;PT20055;F4E93A0;24212613;2023-08-30T14:07:01;1
D2303822;2;;X990327;F4E93A0;1500671;2023-08-30T15:33:03;1
D2303823;2;;X990327;F4E93A0;1500671;2023-08-30T15:41:57;1
D2303824;2;;X990327;F4E93A0;1500671;2023-08-30T15:47:16;1
D2303825;2;;X990327;F4E93A0;1500671;2023-08-30T16:06:31;1
D2303826;2;;X990327;F4E93A0;1500671;2023-08-30T16:08:37;1
D2303828;2;;X990327;F4E93A0;1500671;2023-08-30T16:31:39;1
D2303834;2;;X990327;F4E93A0;1500671;2023-08-31T09:36:59;1
D2303839;2;;PT20055;F4E93A0;24212613;2023-08-31T10:40:38;1
D2303850;2;;X990327;F4E93A0;1500671;2023-08-31T15:06:09;1
D2303862;2;;PT20055;F4E93A0;24212613;2023-09-01T09:40:35;1
D2303882;2;;X990327;F4E93A0;1500671;2023-09-04T13:46:03;1
D2303878;2;;X990327;F4E93A0;1500671;2023-09-04T12:19:33;1
D2303881;2;;X990327;F4E93A0;1500671;2023-09-04T13:40:21;1
D2303883;2;;X990327;F4E93A0;1500671;2023-09-04T13:56:24;1
D2303879;2;;X990327;F4E93A0;1500671;2023-09-04T12:26:11;1
D2303885;2;;X990327;F4E93A0;1500671;2023-09-04T14:15:51;1
D2303911;2;;X990327;F4E93A0;1500671;2023-09-05T10:52:51;1
D2303912;2;;X990327;F4E93A0;1500671;2023-09-05T10:58:19;1
D2303913;2;;X990327;F4E93A0;1500671;2023-09-05T11:07:00;1
D2303914;2;;X990327;F4E93A0;1500671;2023-09-05T11:16:16;1
D2303917;2;;X990327;F4E93A0;1500671;2023-09-05T11:56:50;1
D2303918;2;;X990327;F4E93A0;1500671;2023-09-05T12:14:11;1
D2303928;2;;X990327;F4E93A0;1500671;2023-09-06T13:55:26;1
D2303933;2;;X990327;F4E93A0;1500671;2023-09-06T17:10:07;1
D2303942;2;;DP2300050;F4E93A0;24212613;2023-09-07T10:40:31;1
D2303944;2;;PT20055;F4E93A0;24212613;2023-09-07T11:37:51;1
D2303945;2;;PT20055;F4E93A0;24212613;2023-09-07T11:40:56;1
D2303962;2;;PT20055;F4E93A0;24212613;2023-09-08T10:40:28;1
D2303964;2;;X990327;F4E93A0;1500671;2023-09-08T11:13:42;1
D2303965;2;;X990327;F4E93A0;1500671;2023-09-08T11:21:35;1
D2303966;2;;X990327;F4E93A0;1500671;2023-09-08T11:26:48;1
D2303967;2;;X990327;F4E93A0;1500671;2023-09-08T11:30:16;1
D2303968;2;;X990327;F4E93A0;1500671;2023-09-08T11:33:56;1
D2303969;2;;X990327;F4E93A0;1500671;2023-09-08T11:41:09;1
D2303971;2;;X990327;F4E93A0;1500671;2023-09-08T12:26:53;1
D2303993;2;;PT20055;F4E93A0;24212613;2023-09-11T10:42:33;1
D2303998;2;;PT20055;F4E93A0;24212613;2023-09-11T12:00:18;1
D2303999;2;;DP2300050;F4E93A0;24212613;2023-09-11T12:00:18;1
D2304004;2;;X990327;F4E93A0;1500671;2023-09-11T15:02:42;1
D2304018;2;;DP2300050;F4E93A0;24212613;2023-09-12T11:00:43;1
D2304041;2;;X990327;F4E93A0;1500671;2023-09-13T13:52:48;1
D2304042;2;;X990327;F4E93A0;1500671;2023-09-13T14:00:41;1
D2304043;2;;X990327;F4E93A0;1500671;2023-09-13T14:04:24;1
D2304044;2;;X990327;F4E93A0;1500671;2023-09-13T14:11:11;1
D2304065;2;;X990327;F4E93A0;1500671;2023-09-14T13:41:05;1
D2304068;2;;X990327;F4E93A0;1500671;2023-09-14T13:57:33;1
D2304066;2;;X990327;F4E93A0;1500671;2023-09-14T13:53:35;1
D2304087;2;;DP2300050;F4E93A0;24212613;2023-09-15T10:00:23;1
D2304122;2;;X990327;F4E93A0;1500671;2023-09-19T11:42:49;1
D2304128;2;;DP2300050;F4E93A0;24212613;2023-09-19T14:04:30;1
D2304140;2;;PT20055;F4E93A0;24212613;2023-09-19T15:34:15;1
D2304147;2;;X990327;F4E93A0;1500671;2023-09-20T10:22:07;1
D2304150;2;;DP2300050;F4E93A0;24212613;2023-09-20T12:20:33;1
D2304162;2;;X990327;F4E93A0;1500671;2023-09-20T15:29:13;1
D2304178;2;;X990327;F4E93A0;1500671;2023-09-21T11:29:46;1
D2304182;2;;X990327;F4E93A0;1500671;2023-09-21T11:43:27;1
D2304183;2;;X990327;F4E93A0;1500671;2023-09-21T11:55:02;1
D2304184;2;;X990327;F4E93A0;1500671;2023-09-21T12:05:23;1
D2304204;2;;X990327;F4E93A0;1500671;2023-09-22T11:17:31;1
D2304238;2;;PT20055;F4E93A0;24212613;2023-09-26T11:20:33;1
D2304239;2;;PT20055;F4E93A0;24212613;2023-09-26T11:20:33;1
D2304241;2;;X990327;F4E93A0;1500671;2023-09-26T11:30:29;1
D2304240;2;;X990327;F4E93A0;1500671;2023-09-26T11:28:44;1
D2304247;2;;PT20055;F4E93A0;24212613;2023-09-26T12:21:50;1
D2304251;2;;X990327;F4E93A0;1500671;2023-09-26T14:09:36;1
D2304253;2;;X990327;F4E93A0;1500671;2023-09-26T14:16:23;1
D2304272;2;;X990327;F4E93A0;1500671;2023-09-27T10:39:50;1
D2304271;2;;X990327;F4E93A0;1500671;2023-09-27T10:34:52;1
D2304278;2;;X990327;F4E93A0;1500671;2023-09-27T11:29:49;1
D2304279;2;;X990327;F4E93A0;1500671;2023-09-27T11:41:52;1
D2304281;2;;X990327;F4E93A0;1500671;2023-09-27T11:51:25;1
D2304310;2;;DP2300050;F4E93A0;24212613;2023-09-29T10:20:19;1
D2304316;2;;X990327;F4E93A0;1500671;2023-09-29T13:17:15;1
D2304317;2;;X990327;F4E93A0;1500671;2023-09-29T13:27:50;1
D2304319;2;;X990327;F4E93A0;1500671;2023-09-29T14:02:24;1
D2304359;2;;X990327;F4E93A0;1500671;2023-10-03T15:29:58;1
D2304365;2;;X990327;F4E93A0;1500671;2023-10-03T16:12:56;1
D2304366;2;;PT20055;F4E93A0;24212613;2023-10-04T10:00:20;1
D2304370;2;;X990327;F4E93A0;1500671;2023-10-04T11:07:19;1
D2304369;2;;X990327;F4E93A0;1500671;2023-10-04T11:03:04;1
D2304371;2;;X990327;F4E93A0;1500671;2023-10-04T11:14:48;1
D2304372;2;;X990327;F4E93A0;1500671;2023-10-04T11:23:35;1
D2304397;2;;PT20055;F4E93A0;24212613;2023-10-05T16:06:17;1
D2304401;2;;PT20055;F4E93A0;24212613;2023-10-06T10:25:24;1
D2304415;2;;DP2300050;F4E93A0;24212613;2023-10-09T09:40:32;1
D2304429;2;;X990327;F4E93A0;1500671;2023-10-09T15:12:21;1
D2304430;2;;X990327;F4E93A0;1500671;2023-10-09T15:30:54;1
D2304432;2;;X990327;F4E93A0;1500671;2023-10-09T15:42:43;1
D2304445;2;;X990327;F4E93A0;1500671;2023-10-10T12:29:17;1
D2304478;2;;X990327;F4E93A0;1500671;2023-10-12T12:07:57;1
D2304479;2;;X990327;F4E93A0;1500671;2023-10-12T14:04:08;1
D2304480;2;;X990327;F4E93A0;1500671;2023-10-12T14:06:10;1
D2304481;2;;X990327;F4E93A0;1500671;2023-10-12T14:53:43;1
D2304488;2;;X990327;F4E93A0;1500671;2023-10-12T17:17:26;1
D2304489;2;;X990327;F4E93A0;1500671;2023-10-12T17:24:49;1
D2304490;2;;X990327;F4E93A0;1500671;2023-10-13T08:54:52;1
D2304491;2;;X990327;F4E93A0;1500671;2023-10-13T09:10:35;1
D2304530;2;;PT20055;F4E93A0;24212613;2023-10-17T10:20:22;1
D2304559;2;;PT20055;F4E93A0;24212613;2023-10-18T12:20:28;1
D2304570;2;;X990327;F4E93A0;1500671;2023-10-19T12:01:56;1
D2304575;2;;X990327;F4E93A0;1500671;2023-10-19T14:40:57;1
D2304577;2;;X990327;F4E93A0;1500671;2023-10-19T14:47:38;1
D2304578;2;;X990327;F4E93A0;1500671;2023-10-19T14:51:28;1
D2304586;2;;X990327;F4E93A0;1500671;2023-10-20T09:14:48;1
D2304588;2;;X990327;F4E93A0;1500671;2023-10-20T09:36:05;1
D2304591;2;;X990327;F4E93A0;1500671;2023-10-20T10:30:51;1
D2304594;2;;X990327;F4E93A0;1500671;2023-10-20T11:24:52;1
D2304598;2;;X990327;F4E93A0;1500671;2023-10-20T14:25:54;1
D2304599;2;;X990327;F4E93A0;1500671;2023-10-20T14:31:19;1
D2304600;2;;X990327;F4E93A0;1500671;2023-10-20T14:35:04;1
D2304602;2;;X990327;F4E93A0;1500671;2023-10-20T14:58:16;1
D2304605;2;;X990327;F4E93A0;1500671;2023-10-20T15:19:09;1
D2304678;2;;X990327;F4E93A0;1500671;2023-10-26T15:36:42;1
D2304679;2;;X990327;F4E93A0;1500671;2023-10-26T15:39:23;1
D2304699;2;;PT20055;F4E93A0;24212613;2023-10-27T15:01:33;1
D2304706;2;;X990327;F4E93A0;1500671;2023-10-27T16:37:04;1
D2304709;2;;X990327;F4E93A0;1500671;2023-10-27T17:06:38;1
D2304733;2;;X990327;F4E93A0;1500671;2023-10-30T16:05:19;1
D2304747;2;;DP2300050;F4E93A0;24212613;2023-10-31T10:40:39;1
D2304746;2;;PT20055;F4E93A0;24212613;2023-10-31T10:40:39;1
D2304749;2;;PT20055;F4E93A0;24212613;2023-10-31T11:00:18;1
D2304780;2;;X990327;F4E93A0;1500671;2023-11-03T10:58:50;1
D2304792;2;;PT20055;F4E93A0;24212613;2023-11-06T09:58:05;1
D2304808;2;;X990327;F4E93A0;1500671;2023-11-06T15:25:57;1
D2304809;2;;X990327;F4E93A0;1500671;2023-11-06T15:31:34;1
D2304816;2;;PT20055;F4E93A0;24212613;2023-11-07T11:00:19;1
D2304818;2;;PT20055;F4E93A0;24212613;2023-11-07T11:37:46;1
D2304819;2;;DP2300050;F4E93A0;24212613;2023-11-07T11:40:17;1
D2304821;2;;PM20199;F4E93A0;24212613;2023-11-07T14:42:45;1
D2304831;2;;X990327;F4E93A0;1500671;2023-11-08T11:25:22;1
D2304843;2;;PT20055;F4E93A0;24212613;2023-11-09T14:29:58;1
D2304856;2;;X990327;F4E93A0;1500671;2023-11-10T10:32:18;1
D2304867;2;;X990327;F4E93A0;1500671;2023-11-10T14:11:39;1
D2304866;2;;X990327;F4E93A0;1500671;2023-11-10T14:08:26;1
D2304868;2;;X990327;F4E93A0;1500671;2023-11-10T14:16:54;1
D2304869;2;;X990327;F4E93A0;1500671;2023-11-10T14:21:03;1
D2304870;2;;X990327;F4E93A0;1500671;2023-11-10T14:27:46;1
D2304871;2;;X990327;F4E93A0;1500671;2023-11-10T14:33:51;1
D2304872;2;;PT20055;F4E93A0;24212613;2023-11-10T14:40:43;1
D2304884;2;;X990327;F4E93A0;1500671;2023-11-13T10:53:54;1
D2304885;2;;X990327;F4E93A0;1500671;2023-11-13T11:01:34;1
D2304886;2;;X990327;F4E93A0;1500671;2023-11-13T11:49:56;1
D2304889;2;;PT20055;F4E93A0;24212613;2023-11-13T13:47:14;1
D2304926;2;;X990327;F4E93A0;1500671;2023-11-13T15:37:59;1
D2304934;2;;X990327;F4E93A0;1500671;2023-11-13T16:44:49;1
D2304942;2;;PT20055;F4E93A0;24212613;2023-11-14T10:20:15;1
D2304959;2;;PT20055;F4E93A0;24212613;2023-11-15T11:00:19;1
D2304973;2;;X990327;F4E93A0;1500671;2023-11-16T09:45:50;1
D2304996;2;;PT20055;F4E93A0;24212613;2023-11-17T15:20:14;1
D2305012;2;;PT20055;F4E93A0;24212613;2023-11-20T13:40:20;1
D2305034;2;;DP2300050;F4E93A0;24212613;2023-11-21T11:40:27;1
D2305043;2;;DP2300050;F4E93A0;24212613;2023-11-21T14:21:20;1
D2305039;2;;PT20055;F4E93A0;24212613;2023-11-21T14:21:20;1
D2305051;2;;X990327;F4E93A0;1500671;2023-11-21T16:30:37;1
D2305072;2;;X990327;F4E93A0;1500671;2023-11-22T13:59:00;1
D2305106;2;;X990327;F4E93A0;1500671;2023-11-23T16:11:48;1
D2305110;2;;X990327;F4E93A0;1500671;2023-11-23T17:21:00;1
D2305111;2;;X990327;F4E93A0;1500671;2023-11-23T17:25:23;1
D2305116;2;;X990327;F4E93A0;1500671;2023-11-24T09:14:18;1
D2305121;2;;X990327;F4E93A0;1500671;2023-11-24T09:25:36;1
D2305157;2;;X990327;F4E93A0;1500671;2023-11-27T16:52:18;1
D2305162;2;;PT20055;F4E93A0;24212613;2023-11-28T11:02:25;1
D2305163;2;;DP2300050;F4E93A0;24212613;2023-11-28T11:04:23;1
D2305164;2;;X990327;F4E93A0;1500671;2023-11-28T11:30:15;1
D2305166;2;;DP2300050;F4E93A0;24212613;2023-11-28T11:40:27;1
D2305165;2;;DP2300050;F4E93A0;24212613;2023-11-28T11:40:27;1
D2305366;2;;DP2300050;F4E93A0;24212613;2023-12-05T11:20:24;1
D2305428;2;;DP2300050;F4E93A0;24212613;2023-12-07T15:13:25;1
D2305444;2;;X990327;F4E93A0;1500671;2023-12-08T11:02:08;1
D2305463;2;;X990327;F4E93A0;1500671;2023-12-11T11:49:09;1
D2305478;2;;PT20055;F4E93A0;24212613;2023-12-12T14:36:41;1
D2305485;2;;DP2300050;F4E93A0;24212613;2023-12-13T12:00:46;1
D2305505;2;;X990327;F4E93A0;1500671;2023-12-14T14:42:25;1
D2305504;2;;X990327;F4E93A0;1500671;2023-12-14T14:39:03;1
D2305523;2;;X990327;F4E93A0;1500671;2023-12-18T09:36:44;1
D2305524;2;;X990327;F4E93A0;1500671;2023-12-18T09:40:02;1
D2305526;2;;X990327;F4E93A0;1500671;2023-12-18T10:15:21;1
D2305527;2;;X990327;F4E93A0;1500671;2023-12-18T10:18:22;1
D2305528;2;;X990327;F4E93A0;1500671;2023-12-18T10:21:09;1
D2305550;2;;X990327;F4E93A0;1500671;2023-12-19T14:20:40;1
D2305552;2;;X990327;F4E93A0;1500671;2023-12-19T14:32:55;1
D2305553;2;;X990327;F4E93A0;1500671;2023-12-19T14:38:10;1
D2305554;2;;X990327;F4E93A0;1500671;2023-12-19T14:40:54;1
D2305555;2;;X990327;F4E93A0;1500671;2023-12-19T14:44:14;1
D2305556;2;;X990327;F4E93A0;1500671;2023-12-19T15:29:10;1
D2305577;2;;DP2300050;F4E93A0;24212613;2023-12-20T14:32:49;1
D2305587;2;;X990327;F4E93A0;1500671;2023-12-21T10:20:06;1
D2305592;2;;X990327;F4E93A0;1500671;2023-12-21T10:54:25;1
D2305593;2;;X990327;F4E93A0;1500671;2023-12-21T11:05:07;1
D2305600;2;;X990327;F4E93A0;1500671;2023-12-21T11:59:38;1
D2305602;2;;X990327;F4E93A0;1500671;2023-12-21T14:31:01;1
D2305611;2;;X990327;F4E93A0;1500671;2023-12-21T15:34:59;1
D2305614;2;;X990327;F4E93A0;1500671;2023-12-22T09:47:04;1
D2305615;2;;X990327;F4E93A0;1500671;2023-12-22T09:59:13;1
D2305621;2;;PT20055;F4E93A0;24212613;2023-12-22T13:00:31;1
D2305623;2;;DP2300050;F4E93A0;24212613;2023-12-22T14:21:19;1
D2305625;2;;X990327;F4E93A0;1500671;2023-12-22T15:01:27;1
D2305627;2;;X990327;F4E93A0;1500671;2023-12-22T15:13:45;1
D2305628;2;;X990327;F4E93A0;1500671;2023-12-22T15:19:27;1
D2305638;2;;PT20055;F4E93A0;24212613;2023-12-26T10:00:23;1
D2305643;2;;X990327;F4E93A0;1500671;2023-12-26T14:03:11;1
D2305651;2;;DP2300050;F4E93A0;24212613;2023-12-27T11:40:16;1
D2305677;2;;DP2300050;F4E93A0;24212613;2023-12-28T11:26:09;1
D2305700;2;;DP2300050;F4E93A0;24212613;2023-12-29T11:40:24;1
D2305698;2;;PT20055;F4E93A0;24212613;2023-12-29T11:40:24;1
D2305699;2;;PT20055;F4E93A0;24212613;2023-12-29T11:40:24;1
D2400011;2;;PT20055;F4E93A0;24212613;2024-01-03T11:00:25;1
D2400015;2;;X990327;F4E93A0;1500671;2024-01-03T11:58:23;1
D2400016;2;;X990327;F4E93A0;1500671;2024-01-03T12:03:28;1
D2400017;2;;X990327;F4E93A0;1500671;2024-01-03T12:05:21;1
D2400018;2;;X990327;F4E93A0;1500671;2024-01-03T12:15:03;1
D2400019;2;;X990327;F4E93A0;1500671;2024-01-03T12:17:39;1
D2400021;2;;X990327;F4E93A0;1500671;2024-01-03T12:21:42;1
D2400022;2;;X990327;F4E93A0;1500671;2024-01-03T12:22:48;1
D2400020;2;;X990327;F4E93A0;1500671;2024-01-03T12:19:29;1
D2400024;2;;X990327;F4E93A0;1500671;2024-01-03T12:24:35;1
D2400059;2;;X990327;F4E93A0;1500671;2024-01-05T14:03:05;1
D2400060;2;;X990327;F4E93A0;1500671;2024-01-05T14:09:26;1
D2400061;2;;X990327;F4E93A0;1500671;2024-01-05T14:17:57;1
D2400068;2;;PT20055;F4E93A0;24212613;2024-01-08T11:40:23;1
D2400072;2;;X990327;F4E93A0;1500671;2024-01-08T12:24:48;1
D2400101;2;;X990327;F4E93A0;1500671;2024-01-10T10:42:55;1
D2400112;2;;X990327;F4E93A0;1500671;2024-01-10T13:38:30;1
D2400113;2;;X990327;F4E93A0;1500671;2024-01-10T13:47:58;1
D2400184;2;;DP2300050;F4E93A0;24212613;2024-01-16T09:14:30;1
D2400198;2;;X990327;F4E93A0;1500671;2024-01-16T15:46:54;1
D2400199;2;;X990327;F4E93A0;1500671;2024-01-16T15:53:18;1
D2400218;2;;X990327;F4E93A0;1500671;2024-01-17T13:52:35;1
D2400220;2;;X990327;F4E93A0;1500671;2024-01-17T13:56:18;1
D2400221;2;;X990327;F4E93A0;1500671;2024-01-17T14:00:02;1
D2400237;2;;X990327;F4E93A0;1500671;2024-01-18T15:33:48;1
D2400238;2;;X990327;F4E93A0;1500671;2024-01-18T16:00:01;1
D2400244;2;;X990327;F4E93A0;1500671;2024-01-19T09:14:31;1
D2400245;2;;X990327;F4E93A0;1500671;2024-01-19T09:31:29;1
D2400246;2;;X990327;F4E93A0;1500671;2024-01-19T09:51:06;1
D2400271;2;;X990327;F4E93A0;1500671;2024-01-22T15:42:32;1
D2400294;2;;X990327;F4E93A0;1500671;2024-01-23T13:45:14;1
D2400297;2;;PT20055;F4E93A0;24212613;2024-01-23T15:07:39;1
D2400308;2;;X990327;F4E93A0;1500671;2024-01-24T15:00:46;1
D2400375;2;;X990327;F4E93A0;1500671;2024-01-30T11:18:40;1
D2400377;2;;X990327;F4E93A0;1500671;2024-01-30T11:31:51;1
D2400376;2;;X990327;F4E93A0;1500671;2024-01-30T11:28:45;1
D2400378;2;;X990327;F4E93A0;1500671;2024-01-30T11:34:21;1
D2400380;2;;PT20055;F4E93A0;24212613;2024-01-30T12:20:21;1
D2400442;2;;X990327;F4E93A0;1500671;2024-02-01T14:07:21;1
D2400443;2;;X990327;F4E93A0;1500671;2024-02-01T14:48:09;1
D2400444;2;;X990327;F4E93A0;1500671;2024-02-01T14:54:30;1
D2400445;2;;X990327;F4E93A0;1500671;2024-02-01T15:07:26;1
D2400446;2;;X990327;F4E93A0;1500671;2024-02-01T15:12:24;1
D2400447;2;;X990327;F4E93A0;1500671;2024-02-01T15:16:26;1
D2400449;2;;X990327;F4E93A0;1500671;2024-02-02T09:27:08;1
D2400451;2;;PT20055;F4E93A0;24212613;2024-02-02T10:40:37;1
D2400454;2;;X990327;F4E93A0;1500671;2024-02-02T10:46:58;1
D2400474;2;;X990327;F4E93A0;1500671;2024-02-02T17:10:11;1
D2400492;2;;X990327;F4E93A0;1500671;2024-02-06T11:06:12;1
D2400497;2;;X990327;F4E93A0;1500671;2024-02-06T13:36:29;1
D2400498;2;;X990327;F4E93A0;1500671;2024-02-06T13:40:18;1
D2400500;2;;X990327;F4E93A0;1500671;2024-02-06T13:46:45;1
D2400516;2;;X990327;F4E93A0;1500671;2024-02-06T18:34:56;1
D2400517;2;;X990327;F4E93A0;1500671;2024-02-06T18:53:28;1
D2400518;2;;X990327;F4E93A0;1500671;2024-02-06T18:55:03;1
D2400693;2;;X990327;F4E93A0;1500671;2024-02-16T15:29:57;1
D2400695;2;;X990327;F4E93A0;1500671;2024-02-16T15:40:31;1
D2400698;2;;X990327;F4E93A0;1500671;2024-02-16T17:06:53;1
D2400699;2;;X990327;F4E93A0;1500671;2024-02-16T17:15:20;1
D2400700;2;;X990327;F4E93A0;1500671;2024-02-16T17:22:20;1
D2400701;2;;X990327;F4E93A0;1500671;2024-02-16T17:24:34;1
D2400707;2;;X990327;F4E93A0;1500671;2024-02-19T13:41:36;1
D2400723;2;;X990327;F4E93A0;1500671;2024-02-20T11:33:45;1
D2400758;2;;X990327;F4E93A0;1500671;2024-02-21T11:51:50;1
D2400759;2;;X990327;F4E93A0;1500671;2024-02-21T11:53:56;1
D2400760;2;;X990327;F4E93A0;1500671;2024-02-21T11:55:56;1
D2400784;2;;X990327;F4E93A0;1500671;2024-02-23T16:51:03;1
D2400788;2;;PT20055;F4E93A0;24212613;2024-02-26T10:20:28;1
D2400799;2;;X990327;F4E93A0;1500671;2024-02-27T09:31:08;1
D2400802;2;;X990327;F4E93A0;1500671;2024-02-27T09:57:52;1
D2400804;2;;X990327;F4E93A0;1500671;2024-02-27T10:19:20;1
D2400847;2;;X990327;F4E93A0;1500671;2024-02-29T09:24:05;1
D2400880;2;;X990327;F4E93A0;1500671;2024-03-01T16:15:47;1
D2400892;2;;X990327;F4E93A0;1500671;2024-03-04T14:18:44;1
D2400895;2;;X990327;F4E93A0;1500671;2024-03-04T14:23:48;1
X1900380;2;;X990327;F4E93A0;1500671;2019-04-10T08:40:29;1
D2400929;2;;X990327;F4E93A0;1500671;2024-03-06T16:03:09;1
